1;Patrick Rivas;Dana Evans MD;South Tiffany
2;Chelsea Johnson;Steven Wilson;Port Michaelton
3;Mr. Jeremy Lopez;Erin Villarreal;Montgomerystad
4;Andrew Baldwin;Nicholas Cox;Port Daniel
5;Rebecca Williams;Donna Landry;Christinemouth
6;Allison Crosby;Joseph Adams;New Kellymouth
7;Stephanie Wilkerson;Hector Bell;Kennethborough
8;Andrew Roberts;Katrina Johnson;Lake Danielfurt
9;Michael Ibarra;Christopher Walker Jr.;Gregoryport
10;Jason Brown;Christine Benton;Lake Christopher
11;Gina Waters;Wendy Simmons;Griffithville
12;Teresa Watson;Dr. Austin Morris;Gayshire
13;Kyle Garcia;Donna Stevenson;Rickberg
14;Sarah Young;Andrew Hooper DDS;New Erinborough
15;Jeffrey Dorsey;Carol Green;Acostashire
16;John Jennings;Brenda Cobb;Sarahhaven
17;Sarah Guzman;Alicia Harris;West Patrick
18;Allison Henderson;Travis Suarez;West Michaelmouth
19;Mark Nguyen;Kurt Davidson;North Jeffreychester
20;John Hanna;Stephanie Smith DVM;North Mitchellbury
21;Pamela Hall;Timothy Petersen;Lake Elizabeth
22;Cindy Ruiz;Alison Porter;North Juliamouth
23;Willie Young;Deborah Vasquez;Shawnchester
24;Antonio Black;Julie Owen;Juliefort
25;William Watts DDS;Jessica Bennett;Padillaside
26;Donna Olson;Natalie Neal;Lisaton
27;William Campos;Jessica Thomas;New David
28;Charles Beck;Elizabeth Stephens;North Karen
29;Andrea Boyd;Tracey Jimenez;East Eddieborough
30;Jenna Jennings;John Barber;Alyssaland
31;Alexis Lopez;Ebony Williams;North Robert
32;Eric Watkins;Michael Brandt;Randallburgh
33;Sharon Lewis;Devon Garcia Jr.;Port Richard
34;Alexander Garza;Veronica Barrett;Port Joseph
35;Joshua Owens;Hayley Brown;North Samantha
36;Priscilla Gomez;Mitchell Diaz;West Andrea
37;Lisa West;Diana Wade;West Kellyville
38;Krista Watkins;Anthony Hughes;Cobbstad
39;Jacqueline Paul;Nicholas Griffin;Huntershire
40;Jessica Rose;Linda Avery;Ballfurt
41;Marcia Hull;Steven Myers;New Lisa
42;Christopher Cervantes;Jody Miller;North Robertton
43;Wanda Adams;Kenneth Baker;Rollinshaven
44;Robert Smith;Kevin Martin;Leblancland
45;Ryan Martin;John Wilkerson;Riosfort
46;Debbie Mann;Teresa Nguyen;West Kimberlyberg
47;Robert Martinez;Anthony Wright;Juantown
48;Eric Harmon DVM;Megan Rodriguez;Lake Tyler
49;Margaret Perez;James Cooper;Francoton
50;Michael Martin;Kayla Campbell;Port Jasonberg
51;Sharon Sellers;Kevin Graham;West Donna
52;Antonio Hahn;Taylor Fry;Cynthiaport
53;Alex Smith;Steve Hunt;Riverafort
54;Jonathan Duarte;Anthony Jackson;Carrollport
55;Shannon Jordan;Troy Boyer;Georgeshire
56;Janice Rowland;Vanessa White;West Billy
57;Catherine Meyers;Dean Johnson;Kristafurt
58;Susan Cortez;Erica Cooper;Seanfurt
59;Jeanette Hamilton;John Kennedy;Lake Brandonport
60;Karen Thompson;Lori Craig;West Dana
61;Rachel Klein;Jason Carroll;Port Denise
62;Zachary Brock;Justin Wheeler;Gouldstad
63;Carlos Steele;Tonya Thompson;East Bettyhaven
64;Melissa Jacobs;Gregory Green;West Angela
65;Mary Huff MD;Deanna Frazier;Sellersshire
66;Mallory Reese;Jeffrey Murphy;New Brian
67;Brianna Wilson;James Martin;New Bradleyside
68;Mariah Roy;Christy Morrow;Lisastad
69;Alan Diaz;Paul Hooper;Clarkborough
70;Kara Martin;Hunter Lawrence;Bonillashire
71;Melissa Watson;Stephen Smith;South Christina
72;Ruben Turner;Christine Brown;East Kellie
73;Elizabeth Wilkins;Elizabeth Perez;New Hannah
74;Melanie Conner;Tiffany Jackson;North Pennymouth
75;Heather White;Sharon Wall;Port Daniel
76;Melissa Crawford;Kenneth Wright;Davisview
77;Philip Smith;Kimberly Krause;West Christopher
78;Ms. Karen Evans;Charles Wolf;North Desireeshire
79;Kenneth Martinez;James Ray;East Emily
80;Megan Garcia;Kristin Ramsey;Byrdville
81;Zachary Willis;Angela Mejia;North Francis
82;Rebecca Jacobs;William Knight;Karenton
83;Alexandra Woodard;Daniel Cooke;Floreston
84;Ashley Ruiz;Bruce Smith;Osbornefort
85;Christina Jensen;Justin Travis;Cynthiaport
86;Marissa Fields;Edward Cox;Aprilport
87;James Brown;Lori Perry;Port Seanville
88;Brooke Adkins;Melanie Thomas;North Douglas
89;Susan Le;Adam Jackson;Mcdonaldfort
90;Rebecca Baker;Christopher Norris DVM;Hornmouth
91;Patrick Davis;Phillip Hernandez;Jasminehaven
92;Rodney Williams;April Ward;South Abigailbury
93;Cole Allen;Shannon Bailey;East Jamesfort
94;Raymond Middleton;Kimberly Davis;East Stephenstad
95;Christian Baxter;Joshua Craig;Lake Danny
96;Anthony Bray;Michael Castro;Stevenville
97;David Shah PhD;Mr. Jack Sparks;North Jonathanburgh
98;Jeffrey Thompson;Matthew Anderson;Port Brendaview
99;Megan Matthews;Katelyn White;New Richardmouth
100;Carolyn Daniel;Robin Cooper;North Ernestport
101;Mrs. Michelle Arnold MD;Thomas Mitchell;Elliottberg
102;Kathy Romero;Jessica Buchanan;New Lawrencefurt
103;Annette Ellis;Keith Johnson;Hortonfort
104;Cameron Lewis;Paul Johnson;New Michael
105;Jennifer Mitchell;Laura Russell;New Stacyburgh
106;Gary Graham;Katherine Jones;Coleside
107;Bryan Braun;Eric Todd;West Marissa
108;Kimberly Foley;Jonathan Jones;Port Anthonyview
109;Mariah Spencer;Christian Aguilar;New Josefurt
110;Melissa Morris;Gabrielle Marshall;Lindsaymouth
111;Kayla Carter;Sherri Walker;Contrerasborough
112;Robert Brown;Christy Flores;Patriciamouth
113;Andrew Zamora;Daniel Palmer;Lake Victoriatown
114;Renee Gonzalez;Brian Bradley;North Jordanborough
115;Debra Wilson;Amanda Rodriguez;Monicaville
116;Dennis White;Lauren Thomas;South Christine
117;Diane Jones;Megan Ferrell;Robertsburgh
118;Mary Smith;Michael Greer;Barretttown
119;Crystal Lewis;Jacob White;New William
120;Linda Lee;Darrell Lam;South Danielview
121;Jordan Mccarty;Sergio Adams;Tylerhaven
122;Damon Shannon;Mario Cunningham;West Charlesfort
123;Carla Ruiz;Nicole Conner;Port Jeremyland
124;Patrick Pierce;Christina Lopez;Wardbury
125;Mindy Campbell;Michele Lynch;Levychester
126;Jeffery Ramsey;Christopher Chen;Carterville
127;Randy Lane;Timothy Lee;West Gary
128;Preston Sparks;Dennis Sweeney;Randolphside
129;Gail Holmes;Lisa Wilson;Brittanyside
130;Teresa Miller;Lori Hernandez;Webbton
131;Mr. Anthony Christensen;Andrew Lawson;Connieberg
132;Shane Scott;Glenn Cooley;South Andrea
133;Gary Hernandez;Michelle Robertson;Port Jamesborough
134;Cynthia Wall;Melissa Holmes;South Anna
135;William Price;George Carr;West Stephanie
136;Michael Perez;Robert Smith;West Steven
137;Devon Campbell;Joel Turner;Lopezberg
138;Kayla Soto;April Torres;Port Holly
139;Heather Downs;Larry Cervantes;Mcbridemouth
140;Greg Smith;Tammie Mendoza;Turnerburgh
141;Miranda Brown;Ann Velasquez;Lorettaburgh
142;Charles Leonard;Barbara Simmons;West Scott
143;Joe Johnson;Matthew Patterson;New Kimberly
144;Cody Williams;Kristin Burns;Jacobview
145;Jamie Brown;Sharon Gallagher;Amyview
146;Alexis Armstrong;Anthony Patel;Mcconnellland
147;Zachary Sullivan;Melissa Porter;South Amytown
148;Lindsay Gonzales;Jeremy Austin;West Charlene
149;Sarah Garcia;Barbara Boyle;Murphyfort
150;Jordan Taylor;Lindsay Phillips;Port Chelseatown
151;Steven Bell;Eric Hess;Grimesborough
152;Alicia Brown;David Mosley;Normanborough
153;Ricky Williams;John Nelson;Parkerside
154;Caleb Evans;Amy Mccall;Port Sandramouth
155;Kayla Brown;Rhonda Glover;Nicholasborough
156;Rebecca Huerta;Amy Harris;Mcintoshhaven
157;Johnathan Gray;Gloria Ramirez;Wileystad
158;Tony Hernandez;Maureen Edwards;Jessicaburgh
159;Michael Simpson;Zachary Garcia;Mollyhaven
160;Erika Shaffer;Paul Luna;South Timothy
161;Laura Hamilton;Miguel Ford;East Randall
162;Taylor Armstrong MD;Richard Andrews;Lloydview
163;Joseph Elliott;Robin Smith;West Alyssa
164;Stanley Thompson;Patrick Thompson;North Stephanie
165;Joshua West;John Lopez;West Devin
166;Tiffany Collins;Jason Simmons;Jordanfurt
167;Eric Villanueva;Paula King;West Brian
168;Keith Campbell;David Cox;North Brandonside
169;Allen Morrison;Caitlin Larsen;East Lisaborough
170;Robert Jimenez;Kristin Ford;New Sarah
171;Laura Myers;Dr. Suzanne Johnson;South Dustin
172;Kara Taylor;Nathan Stone;Sharonmouth
173;Kari Gill;Jessica Cole;Lake Kellie
174;Ryan Summers;Veronica Fox;Wattsburgh
175;Mary Blankenship;Kevin Holloway;Robertsfort
176;Richard Johnson;Sara Oliver;North Josephton
177;Ellen Garcia;John Baldwin;New Arianamouth
178;Danielle Roberts;Veronica Fox;East Shannonhaven
179;Anita Mack;Jacob Patterson;Perkinsborough
180;Robert Rivera;Rachael Davis;Gardnerview
181;Amanda Lewis;Jasmine Swanson DVM;West Davidfurt
182;Jorge Buck;Melinda Johnson;Marcusside
183;Jesus Bryant;Jason Sawyer;West Colleenview
184;Heather Duncan;Tyler Richard;Stephanieburgh
185;Jose Barton;Amanda Jones;Port Matthewborough
186;Mark Fischer;Wendy Willis;Yorkton
187;Mary Hatfield;Danielle Callahan;Thomasside
188;Shannon Robinson;Diane White;Andersonland
189;Douglas Perez;Stacey Johnson;Michaelchester
190;Amy Alexander;Tammie Cervantes;Christophertown
191;Hailey Alexander;Terry Simmons;Cabreramouth
192;Brandy Roberts;Kathleen Clark;North Blake
193;Emily Shepherd;Jason Aguirre;Riversfort
194;Jerome Patterson;Emily Johnston;Russellside
195;Rachel Castillo;Melanie Gould;Jennifertown
196;James Wong;Amanda Hicks;Timothychester
197;David Miranda;Elizabeth Forbes;Cassieborough
198;Nichole Davis;Emily Coleman;Westton
199;Isabel Gibbs;Douglas Welch;Anthonytown
200;Janice May;Shari Kelly;New John
201;David White;Kenneth Richardson;New Bruce
202;Victoria Lee;Jessica Roy;Lake Mariah
203;Kevin Roberts;Jason Martinez;West Dorothy
204;Haley Petersen;Brent Wells;New Crystalmouth
205;David Kelly;Cheryl Collins;Kelleybury
206;Michele Vasquez;Deborah Johnson;New Brandy
207;Danny Garcia;Sherri Rasmussen;Clarkhaven
208;Donald Ayala;Diana Hamilton;South Timothy
209;James Evans;Mary Scott;Cynthiafort
210;Susan Thomas;William Romero;East Maryview
211;William Frank;Kerry Williamson;Ruizstad
212;Donna Coleman;Jordan Mckinney;Donnaland
213;Ryan Hughes;James Smith;Mikaylatown
214;Duane Warren;Ryan Conner;Adamhaven
215;Erik Mitchell;Todd Andrews;West Pamelaberg
216;George Whitaker;Kimberly Blackwell;West Kim
217;Kimberly Johnson;Andrew Anderson;West Jamesberg
218;Steven Mccullough;Sandra Church;East Paige
219;Joseph Lamb;Laura Ryan;Taylorland
220;April Adams;Angela Osborne;Mcguireville
221;Andrew Nichols;Bradley Mejia;East Michaelmouth
222;Valerie Johnson;Teresa Matthews;Lauramouth
223;Eric Carr;Bruce Palmer;Chadchester
224;Kelly Gay;Heather Stephenson;Lake Rhondamouth
225;Elizabeth Gross;Sydney Bryant;Lake Jason
226;Andrew Buckley;Denise Hunter;Aprilside
227;Maria Riley;Damon Schultz;Port Anthony
228;Andre Lambert;Gregory Thomas;South Robin
229;Heather Thompson;David Chandler;Adkinschester
230;Andre Taylor;Zachary Golden;Jonesbury
231;Michele Lee;Jesus Johnson;Williamston
232;Brandon Carter;Curtis Rodriguez;Annabury
233;Justin Webster;Jessica Gallagher;West Kelly
234;Joseph Coleman;Dr. Kristen Peters MD;Phillipsport
235;Mr. Anthony Duran;Michelle Kelly;Michaelfort
236;Dr. Emily Castillo DDS;Michaela Garcia;Christensenview
237;Tony York;Billy Velasquez;South Linda
238;Christopher Wallace;Matthew Meza;Susanberg
239;Susan Sanders;Patrick Maynard;Trevinoshire
240;Tiffany Wiggins;Mariah Rosales;East Allisonstad
241;Roy Cruz;Melanie Frazier;East Alexander
242;Samantha Foster;Sandra Meadows;Nathanmouth
243;Alicia Phillips;Haley Scott;North Zachary
244;Madison Anderson;Whitney Kennedy;South Danielleborough
245;Michael Price;Jared Grimes;West Rachaelfurt
246;Joseph Henderson;Dr. Kevin Young;Wilsonberg
247;Justin Lara;Cathy Melton;Heatherchester
248;Amy Singh DVM;Thomas Allen;Evanchester
249;Cheryl Johnson;Matthew Mathis DDS;New Alexborough
250;Laura Chapman;Spencer Navarro;Jamesmouth
251;Gregory Martinez;Karen Gill;North Erikaborough
252;Shannon Luna;Michaela Lewis;Thompsonville
253;Amber Watts;Dale Ray;East Dawnton
254;Matthew Neal;Taylor Gomez;Jonathanstad
255;Barry Allen;Kristen Sutton;West Randallbury
256;Charlotte Wood;Kendra Harris;Port Kyle
257;Vincent James;Travis Tran;South Carol
258;Gregory Ramos;Vicki Moore;Port Lisafort
259;Michael Mason;Robert Gray;East Andrea
260;David Holmes;Melissa Anderson;North Amyside
261;Amanda Edwards;Arthur Hood;Karenshire
262;Penny Morales;Kelly Davenport;Veronicaberg
263;Heidi Herrera;Richard Middleton;Port Patrickport
264;Dawn Brown;Jose Jones;Tylermouth
265;Maria Haynes;Henry Smith;West David
266;Amanda Beck;Melvin Shaw;Maciasberg
267;Joshua Cross;Laura Carson;North Daisychester
268;Jeffrey Richardson;James Watkins;East Julia
269;David Vasquez;Amy Riley;East Laura
270;Luis Riley;Christina Garrett;Jenningsside
271;Robert Torres II;Randy Peterson;West Jason
272;Thomas Stout;Randy Shepherd;Laurieburgh
273;Sarah Evans;Jasmine Hart;Port Steventon
274;Deborah Garcia;Doris Craig;Port Melissaton
275;Angela Newton;Sandra Brooks;East Valeriefurt
276;Jay Thomas;Amy Jackson;Rogersview
277;Mark Hudson;Rebecca Robbins;Kellyville
278;John Wilkerson;William Young;Bellfurt
279;Joseph Turner;Martha Duffy;Livingstonchester
280;Christopher Smith;James Johnson;New Janet
281;Amanda Thompson;Maria Harrington;Edwardmouth
282;Jeremiah Nunez;Steven Raymond;North Angelfurt
283;Ian Hall;William Lang;Smithfurt
284;Steve Vaughn;Caitlin Nguyen;South Jordan
285;Miranda Cooper;William Wallace;North Yeseniamouth
286;Angela Tate;Wesley Baker;Callahanville
287;Bruce Norris;Dawn Coleman;Loweview
288;Teresa Valdez;Sarah Norman;East Cameronchester
289;Robert Robertson;Daniel Larson;Brettfurt
290;Nicholas Williams;Karen Curtis;Josephtown
291;Tammy Powell MD;Kimberly Reed;Riveraside
292;Tammy Greer;Regina Mahoney;Lake Ashleytown
293;Lauren Curry;Victoria Chavez;Emilyfort
294;Tristan Delgado;Ethan White;Port Sean
295;Jermaine Chang;Albert Chavez;Port Jennifer
296;Thomas Burke;Thomas Jackson;South Jacobberg
297;Eric Cervantes;Tara Baker;West Kyle
298;Carmen Baxter;Patricia Peterson;Adrianchester
299;Rebecca Esparza;Kathryn Martinez;Lake Joshua
300;Christopher Ward;Jerry Harvey;Port Sean
301;Adam Blackwell;Ashley Robinson;Tranbury
302;Maria Gray;David Lewis;Adamburgh
303;Joseph Rodriguez;George Cross;New Tina
304;Sara Brown;Barbara Franklin;Morenobury
305;Rebecca Payne;Jason Bridges;Katherineberg
306;Amanda Morales;Regina Moran;Nathanieltown
307;Michael Horton;Leslie Gonzalez;Jeffmouth
308;Dennis Patterson;Jacob Allen;Lake Jon
309;David Allen;Ms. Lindsey Baker;West Erin
310;Corey Skinner;Nicole Burns;Charlesside
311;Anita Copeland;Eric Martinez;Melodyville
312;Debra Silva;Sarah Davis;New Cassie
313;Edward Perez;Sarah Adams;Thomasbury
314;Ethan Whitaker;Jennifer Tran MD;East Jose
315;Nicholas Klein;David Gardner;Powersbury
316;Brandon Burnett;Kyle Daugherty;South Lori
317;Robert Rodriguez;Kyle Rogers;South Stacey
318;Bradley Livingston;Kenneth Dixon;Poncemouth
319;Candace Cisneros;Ashley Gilbert;Cunninghammouth
320;Michael Henderson;Jacob Reed;Port Charles
321;Matthew Phillips;John White;Hensonbury
322;Samuel Baxter;Alexander Armstrong;Goldenport
323;Gina Mccullough;Donald Calhoun;Jackberg
324;Thomas Moore;Benjamin Harvey;East Jason
325;Cheryl Norman;Anthony Price;Josephburgh
326;Brittney Wright;Joshua James;Ramirezton
327;Patricia Thompson;Christine Willis;West Rodneyfurt
328;Charles Hunt;Glenn Marshall;South Cody
329;Robert Daniels;Rebecca Stanley;Port Kevinburgh
330;Deborah Williams;Andrew Rich;Langbury
331;Troy Kennedy;Sean Jones;South Ryan
332;James Jones;Erik Aguilar;Lambertbury
333;Linda House;Shane Jimenez;Port Susan
334;Mitchell Sparks;David Mills;Jacksonborough
335;Timothy Cruz;Danielle Jackson;Jimenezburgh
336;William Hernandez;Jennifer Peterson;North Clifford
337;Pamela Riley;Daniel Ewing;Port Michelle
338;Luke Brown;Claudia Mcdonald;East Alexandraburgh
339;Mark Cross;Andrew Smith;Jessicastad
340;Kristen Williams;Ronnie Tanner;Port Peter
341;Cynthia Henson;John Lamb;North Mariaton
342;Larry English;Brian Edwards;Timothyhaven
343;Tyler Scott;Martha Mcguire;Jonesburgh
344;Luis Brown;Christine Miller;Lake Tonyafurt
345;Rodney Blevins;Joshua Taylor;East Jennifer
346;William Ford;Jennifer Bright;Johnsonchester
347;Lisa Carter;Kristen Perez;Melissabury
348;Peter Mclaughlin;Deborah Tucker;New Johnshire
349;Dr. Joanna Grant;Carol Davis;Willisport
350;David Cross;Heather Nguyen;Valenzuelastad
351;Gabrielle Sullivan;Heather Williams;Lake Brianbury
352;Rebecca Adams;Allison Harrington;South Valerieview
353;Antonio Ferguson;William Williams;Lake Crystal
354;Lori Delgado;Casey Hernandez;West Haydenfort
355;Jessica Johnson;Samantha Bennett;Stephenville
356;Robert Gomez;Todd Gonzalez MD;Kristenhaven
357;Ashley Hughes;James Alexander;Barberburgh
358;Kenneth Jones;Cheryl Benson;Mariaport
359;Angela Lawson;Lauren Garcia;Lloydbury
360;Jennifer Keller;Traci Huffman;Sherriside
361;Danny Brown;Anthony Leblanc;Robertport
362;Donna Williams;Daniel Guzman;New Jessica
363;Dennis Rodriguez;John Dean;Lake Donald
364;Kathryn Hernandez;Kathryn Johnson;Robertborough
365;Teresa Arroyo;Alexis Ford;New Sean
366;Barry Kelly;Cheyenne Lopez;Phillipsmouth
367;Karen Hunter;Natalie Brock;Lake Hollyshire
368;Emily Rivera;Diane Blankenship;Kristentown
369;Anna Robertson;Robert Thompson;Melissashire
370;Alicia Smith;Damon Jones;Cynthiahaven
371;Mike Davis;Crystal Russell;Amymouth
372;Mrs. Christine Long;Gregory Richardson;Nelsonmouth
373;William Castaneda;David Simpson;East Becky
374;Jeffrey Tapia;Alison Wolfe;Smithville
375;Cynthia Long;Mr. John Dunn;West Jessica
376;Sean Reyes;Deborah Wilcox;Hopkinsmouth
377;Anthony Moreno;Nathaniel Chapman;Thompsonside
378;Carla Graham;Jennifer Martin;Francishaven
379;Amy Jenkins;Jaime Stewart;Marcusview
380;Antonio Alvarado;Laura Collier;Lake James
381;Joe Leblanc;Harold Mills;Francistown
382;Michael Barrera;Amanda Trujillo;Jamesview
383;Mary Andrade;Eric Jones;Samanthafurt
384;Erika Valdez;Patrick Torres;Edwinstad
385;Brandon Chavez;Brian Oliver;Masonview
386;Benjamin Sweeney;Samantha Hughes;Port Carmenland
387;Ralph Holmes;Patty Doyle;Port Lindseyfort
388;Mr. Brandon Martinez;Ann Williams;New Richard
389;James Lopez;Laura Patel;South Matthewmouth
390;Valerie Rhodes;Jason Allen;North Tommymouth
391;Sarah Mills;Kathy Mcdaniel;Lake Brian
392;Richard Robinson;Debra Long;Wangborough
393;Angela Malone;Michael Allison;Lake Makayla
394;Margaret Reynolds;Greg Blair;South Natashaside
395;Michele Dean;James Mueller;Shannonfort
396;Marie Lee;Joseph Hill;Sullivanland
397;Edward Stein;Amber Miranda;West Williamburgh
398;Justin Williams PhD;Michelle Elliott;Lake Jean
399;David Adkins;Bethany Miller;West Johnbury
400;Donald Mcbride;Holly Thompson;Banksport
401;Dr. Karl Lopez;Jenny Cross;Georgeberg
402;Cheryl Wilson;Brian Smith;South Jennifertown
403;Andrew Bell;Scott Simmons;West Brianburgh
404;Julia Wilson;Jasmine Beard;West Jamesberg
405;William Soto;Amanda Daniels;East Jonathan
406;Richard Terrell;Lisa Richardson;Lake Leefort
407;Sean Mccall;Phillip Holmes;South James
408;Justin Moreno;Eric Reed;West Lisa
409;Joseph Cole;Jessica Mayer;Kathleenburgh
410;Natalie Mills;Joy Hurst;Rileyport
411;Kristen Bell;Emily Nicholson;Russellberg
412;Dustin Mason;William Kemp;Pearsonhaven
413;Kyle Campbell;Sierra Holland;New Michael
414;Matthew Porter;Stephen Macdonald;Dylanton
415;Mike Melton;Henry Johnson;Ericburgh
416;Philip Ali;Crystal Palmer;Lutzchester
417;Andrea Alvarez;Michael Wise;South Danny
418;Danny Taylor;Cristian Thompson;Lake Scott
419;Samantha Taylor;Grace Rivera;North Terriport
420;Vicki Moon;Henry Lee;Port Jeff
421;Alicia Navarro;Jason Johnson;Lake Davidborough
422;Michael Jackson;Raymond Booker;Williamview
423;Michele Rios;Bethany Hawkins;Youngfurt
424;Randall Mendoza;Tracey Owens;Campbellmouth
425;Maria Rowe;Wayne Barajas;East Deborahberg
426;Robin Chambers;Michael Crawford;Aliciastad
427;Heather Gonzalez;Nathan Peterson;Port Sara
428;Christina Lambert;Brittany Black;Paynetown
429;David Ramos;Kayla Reese;West Amy
430;Lori Kennedy;Jessica Cantu;Peterview
431;Teresa Zimmerman;Eric Warren;East Bianca
432;Brian Ball;Kimberly Williams;Brownview
433;Sara Huber;Joe Washington;North Joseph
434;Stacey Foster;Ashley Stafford;Lake Alyssatown
435;Michael Torres;Robert Pearson;Garrisonstad
436;Meghan Edwards;Christopher Vazquez;West Felicia
437;Lisa Ramirez;Natasha Johnson;Mclaughlinmouth
438;Joshua Hinton;Ana Conley;Lake Kennethville
439;Kathy Boyd;Timothy Hoover;Katieton
440;Cynthia Hanson;Erica Stanton;Laurenview
441;Isaiah Davis;Brittney Li;North Hailey
442;Joshua Sanders;Melinda Hernandez;New Kathryntown
443;Kimberly Guerrero;Nichole Woodward;South Aliciaville
444;Rose Bolton;Michelle Chambers;East Sheenaberg
445;Emily Williams;Douglas Ortega;North Austin
446;James Dixon;James Rojas;West Breannamouth
447;Jeffrey Mathews;Rachel Gibson;New Matthewfort
448;Danielle Alvarez;Martin Chase;Thomasview
449;Roger Weber;Laura Hunt;New Jessica
450;Daniel Combs II;Kimberly Wilson;West Hunter
451;Taylor Moore;Calvin Martin;Moodyland
452;Eric Hodge;Virginia Jensen;South Samuel
453;Robert Reyes;Edward Ortiz;Port Candace
454;Eric Bradford;Melissa Gates;North Tiffany
455;Daniel Green;Victoria Kennedy;Wilsonport
456;Wendy Williams;Kyle Gardner;Ryanton
457;Christopher Pratt Jr.;Glenn Prince;North Spencer
458;Gerald Hernandez;Lindsey Bailey;North Meganville
459;John James;Julie Kelly;North Johnborough
460;Christopher Mcgee;Robert Adkins;New Lauramouth
461;Richard Carter;Robert Duffy;Stokesburgh
462;Eric Jones;Daniel Ortiz;New Anthonyfurt
463;Alexandra Smith;Brian White;Amyhaven
464;Katherine Black;Edward Johnson;West Gregoryhaven
465;Carol Valencia;Robert Martinez;North Jonathanfurt
466;Jessica Martinez DVM;Christine Bradshaw;West Donaldmouth
467;James Thomas;Robin Thomas;Christopherfurt
468;Amanda Jenkins;Scott West;Steeleland
469;John Graham;Bonnie Taylor;Jeanneview
470;William Hanson;Carlos Dunlap;New Christopher
471;Beth Cruz;Charles Wiggins;West Dawn
472;Patricia Underwood;Richard Martin;South Samanthaside
473;Bruce Harvey;Michael Huynh;Carolynview
474;Daniel Smith;Brandon Avila;Lake Samantha
475;Renee Mullen;Jessica Thomas;Patelview
476;Mrs. Christina Williams DDS;Brittney Greene;Williamsberg
477;Kendra Payne;Bobby Lopez;North Audreyshire
478;Krystal Reynolds;Austin Holden Jr.;North Wendy
479;Courtney Dennis;Jennifer Bowen;West Amy
480;Rodney Mcgee;Donald Davis;Stewartport
481;Sarah Moreno;Jennifer Smith;Campbelltown
482;Mikayla Abbott;Robert Adams;East Matthewview
483;Mary Wilson;Mark Davis;South Jacqueline
484;Mr. Steven Arias;Renee Rhodes;South Blake
485;Aaron Martinez;Brenda Bullock;East Williamhaven
486;Lisa Perry MD;Ronald Eaton;South Alexishaven
487;Jeremy Gray;Kristine Bernard;Simmonsshire
488;Sonya Harrison;Brett Andrews;Thompsonville
489;Daniel Goodman;Amy Mendoza;New Becky
490;Angela Baker;James Hayes;Matthewborough
491;Lisa Mills;Suzanne Randall;Port Hannah
492;Ariana Wall;Michael Gonzalez;Herreraview
493;Carmen Baldwin;Jessica Chapman;Patrickmouth
494;Shannon Johnson;Leon Vasquez;Douglasborough
495;Anthony Cunningham;Shannon Watson;Richardfurt
496;Stephanie Perry;Alyssa Brown;West Jacob
497;Jessica Williams;Barbara Johnson;Jaredborough
498;Jamie Wolf;Claudia Barry;New Kristaborough
499;Krista Merritt;Collin Caldwell;South Andreafurt
500;James Hunt;Ruth Martinez;Anthonyburgh
501;Elizabeth Edwards;Rodney Ortega;East Linda
502;Robert Rivers DDS;Yvette Jones;East Brian
503;Laura Valenzuela;Gregory Brown;Luceroport
504;Chase Mendoza;Ebony Fox;New Williamburgh
505;Maria Ortiz;Bryce Buck;Lake Josephfort
506;Denise Watson;Angela Williamson;New Elizabethville
507;Victor Norris;David Hall;Smithmouth
508;Austin Thompson;Gina Chaney;Josephland
509;Cynthia Martin;Tina Jimenez;East Veronicafort
510;Daniel Green;Jodi Fernandez;Craigport
511;Andrew Stafford;Curtis Crawford;Murphyberg
512;Colleen Hamilton;David Steele;Smithport
513;Lori Marquez;Maria Barker;Lake Nicole
514;Jon Hamilton;Theodore Brown;North Rebecca
515;Michael Collier;Edgar Shepherd;East Jasmine
516;Adam Morales;Carmen Palmer;North Masonburgh
517;Patricia Cohen;Christopher Michael;South Christinemouth
518;Kaitlin Jones DVM;Meghan Ritter;Ericfort
519;Michael Terrell Jr.;Megan Johnson;North Theresa
520;Ebony Gordon;Jose Jones;Robertsville
521;Lauren Miller;Angelica Oconnell;Martintown
522;Thomas Braun;Ashley Rosales;Tiffanyberg
523;Walter Pennington;Michael Conrad;Jonesside
524;Patrick Vega;Julie Gordon;North Cathyborough
525;Sonya Brown;Sara Brown;Stephensbury
526;Joel Perry;William Love;South Eric
527;Kayla Chambers;Rebekah Soto;Haleton
528;Steve Good;Jose Schroeder;Lake Tina
529;Alex Hicks;Deborah Holmes;Lake Paulton
530;Steven Mcguire;Jesse Petty;South Natalieport
531;Kimberly James;Danielle Hull;New John
532;Jimmy King;Michael Baker;Lisamouth
533;Joshua Patterson;Beth Gibbs;Johnsonville
534;Melanie Myers;Cole Bartlett;Jeffreyshire
535;Elizabeth Summers;Derrick Zamora;Ginashire
536;Jennifer Howard;Rita Ellis;South Tylershire
537;Jessica Shaw;Sara Anderson;Alexandriamouth
538;Devin Wallace;Tracy Bishop;Makaylaside
539;Charles Garrett;Joanna Lara;West Suzanne
540;Donald Livingston;Kenneth Lopez;New Amber
541;Adam Baird;Mr. Christopher Mcdaniel DDS;New Lynn
542;Christopher Williams;Patricia Young;Nelsonshire
543;David Howard;Amy Cabrera;Wallston
544;Leslie Nelson;Dr. Donald Chambers IV;Mcclainshire
545;Brenda Cook;Matthew Vasquez;South Anthonyshire
546;Jonathan Warren;Alexander Hanson;South Michelechester
547;William Sutton;Jason House;Tammyside
548;Amy Hill;Brandi Chase;West Courtney
549;Aimee George;Jon Hart;Jasonmouth
550;Michelle Bailey;Angelica Thomas;North Jasmine
551;Ariel Sweeney;Dana Todd;Smithmouth
552;Christopher Mason;Melissa Harrison;Harperberg
553;Mark Mcmillan;Patricia Perez;East Geraldtown
554;Joan Wallace;Mrs. Caroline Anderson MD;North Melissamouth
555;Rhonda Chase;David Pitts;East Edward
556;Alicia Gardner;Jonathan Hall;Ashleymouth
557;Kurt Dickson;Kathy Ramirez;Port Charlesland
558;Kendra French;Roy Crawford;Summerland
559;Robert Cunningham;Bradley Murphy;Boyleview
560;Joshua Turner;Vincent Middleton;North Chelseamouth
561;Timothy Keller;Taylor Richardson;Lake Jessica
562;Erin Kim;Ivan Howard;Port William
563;Kelsey Glover;Jessica Marshall;North Tracishire
564;Ann Martinez;Lynn Cox;Williamsview
565;James Carter;Cassandra Walker;Zacharyville
566;Connor Sutton;Matthew Ray;Pachecochester
567;Jesus Martinez;Charlene Moss;Lake Jesusborough
568;Andrew Lewis;Christopher Hernandez;Thompsonland
569;Julie Bailey;Robert Meyers;South Michael
570;Cody Mays;William Burgess;Sharonfurt
571;Gordon Hunt;Christopher Watson;West Johnmouth
572;Marissa Anderson;John Morris;Hollyberg
573;Laurie Wiley;Jeffrey Mitchell;Carterchester
574;Ms. Jennifer Johnson;Dr. Nicholas Cox;West Theresa
575;Kimberly Deleon;Jerome Gomez;Ashleyside
576;Dr. Melanie Jones;Amber Alvarado;South Lindaberg
577;Mr. Justin Liu DDS;Elizabeth Garcia;Brianstad
578;Christian Bautista;Stephen Smith;Davidstad
579;Betty Parks;John Mills;West Todd
580;Michael Stevenson;Mrs. Stacy White;Michaelfurt
581;Tina Mitchell;Melinda Miller;Perezstad
582;Victoria Walsh;Samuel Williams;Gregorymouth
583;Sarah Brown;Jonathon Larson;South Justin
584;Dr. Trevor Jackson;James Cain;West Bonnie
585;Eric Diaz;Stacy Garcia;Jenniferstad
586;Peter Newton;Richard Conley;Scottmouth
587;Steven Perez;Rebecca Singh;North Tom
588;Justin Taylor;Jillian Larson;Michaelfurt
589;Ryan Cummings;Darryl Hart;East Jason
590;Kathleen Anderson;Stephanie Best;Port Jennifer
591;Gloria White;Krystal Costa;North Ashley
592;Lynn Wright;Peter Cochran;Harrellmouth
593;Brandy Wilson;Debbie Williams;Millsfurt
594;Lindsay Davis;Morgan Wright;West Joel
595;Melissa Rivera;Diana Hurley;Rushmouth
596;Michelle Watts;Jeffrey Thompson;Joneshaven
597;Anthony Jarvis;Jamie Bennett MD;Harveytown
598;Jonathan Wright;Jennifer Mueller;West Michelefort
599;Cynthia Wilkinson;Michelle Donovan;Lake Katiefurt
600;Todd Travis;Kimberly Greene;Rhodesburgh
601;Jeffrey Obrien;Heather Fitzgerald;New Stevenhaven
602;Robin Garcia;Christopher Miller;New Nicole
603;Anthony Wilson;Marisa Sawyer MD;Herringview
604;Anthony Thompson;Garrett Gilmore;Crystalberg
605;Laura Higgins;Melanie Wright;Woodsbury
606;Tommy Hunter;Ricky Brown;East Jennifer
607;Jennifer Cole;Aaron Harris;North Lindsey
608;Joann Haney;Bradley Leon;East Jessica
609;Christina Ayala;Connor Mitchell MD;Hoffmanhaven
610;Kimberly Thompson;Terry Hall;Port Keith
611;Steven Poole;Sherri Preston DDS;Watkinsville
612;Christina Meyer;Victoria Jones;Gutierrezburgh
613;Carlos Powell;Phillip Johnston;Ashleyburgh
614;Tyler Williams;Victoria Gill;Anitahaven
615;Paul Murillo;Denise Hawkins DDS;East Curtisport
616;Jeffrey Gomez;Sara Marshall;South Jennifer
617;Marco Meadows;Lindsay Diaz;Johnberg
618;Stephanie Horton MD;Scott Patel;Gonzalezstad
619;Andrew Baldwin;Christina Mclaughlin;Barrborough
620;David Rice;Samantha Clark DDS;Deborahshire
621;Tanner Morgan;Mr. Victor Petty MD;West Garystad
622;Christine Williams;Jacqueline Reed;Port Katherineborough
623;Arthur Hayes;Jeffrey Mccullough;North Leslie
624;Christina Hartman;Julie Jones;Lake Edwin
625;Robert Hammond;Joanna Lopez;Christinemouth
626;Melissa Lyons;Kelly Cunningham;Davidbury
627;Ashley Morales;Bridget Price;North Sandrastad
628;Melissa Johnston;Terry Clark;Thomasborough
629;Mary Fernandez;Sabrina Ortega;Shawnaport
630;Jeanne Porter;Kathryn Frazier;Jamesbury
631;Karen Fitzgerald;Tara Nguyen;Darleneville
632;Derrick Kim;Theresa Smith;Brookebury
633;Justin Hayes;Lisa Pierce;West Jeffery
634;Paul Harris;Robert Rodriguez;South Kimberlyborough
635;Edward May;Hannah Jackson;West Tammyberg
636;Rachael Mathews;Rhonda Phillips;South Nathan
637;Michael Alvarez;Kimberly Marshall;Chelseaberg
638;Joseph Garcia;Daniel Lee;Jackiemouth
639;Miss Caitlin Potter;Brendan Rodriguez;New Joshua
640;Jordan Foley;Nicholas Dunn;East James
641;Sheila Pierce;Megan Deleon;New Michaelbury
642;Jacob Martinez;Jason Marshall;Lake Zacharyville
643;John Price;Sarah Walls;Port Joshua
644;Justin Werner;Andrea Zimmerman;Danielsville
645;William Gomez;Leah Petty;Timothyview
646;Nathaniel Huff;Paula Carrillo;Johntown
647;Brittany Richardson;Frank Thomas;Jonesberg
648;Joel Maldonado;Danielle Brown;South Deborah
649;Regina Mack;Susan Martin;South Laurabury
650;Juan Owens;Thomas Jarvis;New Johnberg
651;Frank Benson;Louis Brown;Justinfort
652;Courtney Cohen;Marcus Roberts;East Aliciastad
653;Theresa Hunter;Christopher Warren;Lake Elizabethmouth
654;Linda Sandoval;Jaclyn Henderson;Lake Nathaniel
655;Allen Gray;Dawn Solis;Millerburgh
656;Michael Hendricks;Renee Schaefer;Griffinberg
657;Jason Chapman;Kimberly Johnson;Waltonchester
658;Rachel James;Jennifer Vasquez;West Anthony
659;Zachary Riley;Michael Smith;South Cameronville
660;Tiffany Smith;Stephen Wang;Rodriguezfort
661;Jesus Miller;Oscar Hawkins;Marychester
662;Roberta Tucker;Travis Carter;West Jadechester
663;Taylor Henry;John Johnson;Ramseyburgh
664;Andrea Johnston;Kelly Haley;Jessicamouth
665;Debbie Vaughn;Michael Miller;Georgeborough
666;Elizabeth Holland;Susan Day;North Virginiaview
667;Melanie Hicks;Cathy Rivers;East Davidview
668;Adriana Dickerson;Dakota Thompson;Padillaland
669;Eddie Nelson;Kelli Jones;Danielmouth
670;Jennifer Saunders;Anthony Adkins DDS;Madisonburgh
671;Gina White;Dale Smith;East Julia
672;Paul Miller;Shawn Webb;Jillbury
673;Kristen Patel;William Hartman;South Bethbury
674;Garrett Pham;Daniel Sutton;South Jessicafort
675;Robert Jenkins;Joshua Carter;East Nicole
676;Stephanie Ware;Edwin Bridges;Blackport
677;Mike Perry;James Austin;Port Rebeccafurt
678;Robert Warren;Christopher Smith;Garciaport
679;Robin Bailey MD;Mrs. Donna Villanueva;Kelleyview
680;Heather Torres;Becky Newman;Jessicaborough
681;Evelyn Johnson;Jamie Murphy;West Danielmouth
682;Megan Green;Chad Barrett;Port Alexandra
683;Amber Jackson;Casey White;Crawfordburgh
684;Carrie Knight;William Bryant;Lake Bradleyhaven
685;Keith Manning;Vincent Martin;Millerview
686;Charles Hall;Ryan Cooper;New Markview
687;Sean Dickson;Robert Tate;West Melissaborough
688;Andrew Mitchell;Kevin Beard;East Alicia
689;Jennifer Nguyen;Beverly Andrews;Port Mariaborough
690;Gregory George;Thomas Boyd;East Erikborough
691;Diana Flores;Julie Matthews;Harperland
692;Jodi Joseph;Joshua Lambert;Alanmouth
693;Victor Andrews;Jeffrey Liu;New Adamshire
694;Charles Daniel;Jessica Donaldson;Jacksonfort
695;William Brennan;Matthew Perry;Ramosburgh
696;Jonathan Thompson;Amber King;West Roberttown
697;Terry Carey;Gregory Smith;Melissamouth
698;Deborah Riley;Jennifer Perkins;North Nicholas
699;Michael Washington;Sherry Wise;East Briannashire
700;Barry Jones;Ashley Barton;Lake Eric
701;Eric Hall DDS;Ryan Willis;Randallside
702;Jessica Cox;Abigail Rios;Ronaldchester
703;Craig Porter;Brad Martinez;Elizabethmouth
704;Laurie Hernandez;Daniel Phillips;New Theresaborough
705;Tammy Vasquez;Sarah Barnes;South Allen
706;Jonathan Ortega;Nicole Hunt;Gonzalezport
707;Joy Sanchez;Jeremy Harris;North Cassidybury
708;Kendra Ramos;Jerry Martin;Lake Kaylaton
709;Justin Harvey;Francisco Flores;Lake Erica
710;Melissa Stone;Harry Ortega;Michaelton
711;Troy Carlson;Sarah Lee;Danielleside
712;Emily Brown;Nicole Simpson;Josephport
713;Taylor Liu;Mark Valencia;New Melissafurt
714;James Foster;Shawna Diaz;Brianmouth
715;Benjamin Santos;Nicholas Greer;Margaretton
716;Maria Rush;Kelly Mendoza;Perezhaven
717;Madison Crawford;Felicia Mclaughlin;Port Anthony
718;Margaret Finley;Claudia Lawrence;West Jessica
719;Zachary Williams;Tyler Martinez;Lake Melanie
720;Joseph Knight;Lisa Green;Charlesshire
721;Rebecca Stone;Deborah Anderson;East David
722;Gregory Zavala;Robin Best;Lake Thomasview
723;Danielle Salas;Kristin Green;West Elizabethshire
724;Brittney Campbell;Louis Beard;Crystalfurt
725;Amy Brooks;Christopher Price;Kelleystad
726;Mary Smith;Gregory Cruz;Harrisland
727;Sherry Hunt;Casey Barron;New James
728;Crystal Mcgee;Daniel Figueroa;New Amberview
729;Marie Porter;Joseph Lopez;Port Regina
730;Natalie Cooper;Shannon Cox;Jenkinsmouth
731;Linda Richardson;Mary Smith;Lauraside
732;Amy Schroeder;David Bennett;Michaeltown
733;Lisa Hill;Suzanne Lee;Nancyport
734;Kelly Smith;Michael Gallagher;Hoganstad
735;Michele Moore;Leslie Juarez DDS;Cameronfurt
736;Melissa Mendez;Brian Sanders;New Stephen
737;Shelia Russell;Emily Young;Phillipschester
738;Eric Morris;Stacy Goodman;East Beverlyshire
739;Shelia Webb;Amanda Shelton;North Daniel
740;Patricia Gonzalez;Jacqueline Parrish;East Kelsey
741;Jacqueline Wu;Heather Stevens;Patelshire
742;Gregory Valentine;Marie Mercado;New Thomasmouth
743;Jesus Long;Frank Walker;Bullockland
744;Nathan Anderson;Robin Wyatt;Santosberg
745;Travis Stafford;Stephen Bailey;Leachhaven
746;Daniel White;Robert Simpson;Linberg
747;Amanda Stout;Connie Morgan;Scottmouth
748;Alex Thompson;Brian Green;North Rodneymouth
749;Charles Sparks;Gail Webster;Jamesland
750;Derek Garza;Teresa Garner;Palmerburgh
751;Michael Arnold;Sara Rodriguez;Lake Peggyfort
752;Erica Edwards;Brandon Brown;Port Wesleychester
753;Cameron Carlson;Brian Hernandez;Codyshire
754;Diana Rodriguez;Pamela Ryan;Thomasshire
755;Donald Charles;Paige Archer;West Shawn
756;John Diaz;Audrey Nunez;Millerberg
757;Robert Mitchell;Rachel Jones;West Andrewstad
758;Sean Jackson;Kevin Martinez;Fernandomouth
759;Joe Rangel;Patricia Hines;Keithstad
760;Sally Rivera;Diane Fischer;East Joseland
761;Ronald Blackwell;Briana Sanchez;Briggsberg
762;Amy Miller;James Chavez;Nicoleberg
763;Penny Nguyen;Laura Willis;North Shawnberg
764;William Mahoney;Lindsay Brown;Lake Tammy
765;Amy Bradley;Jessica Brooks;South Gabriellehaven
766;Kenneth Green;Michael Cherry;Port Monica
767;Brian Mcclure;Donald Cox;North Terri
768;Kathryn Sanchez;Melissa Brennan;West Darlenetown
769;Andrea Wilson;William Adams;Lake Kellyview
770;Cory Mccarthy;Francisco Bruce;Justinburgh
771;Carol Marsh;Jasmine Moore;South Christopher
772;William Stewart;Crystal Flores;Vargasfort
773;Victor Dixon;Travis Wilson;Taylorton
774;Timothy Shepard;Amber Smith;Hernandezmouth
775;Daniel Foster;Brittany Thompson;Sarahland
776;Mrs. Jessica Edwards;Tamara Howe;Loristad
777;Gregory Petersen;Robert Becker;Brettfurt
778;James Buchanan;Brian Brooks;Cherylfort
779;Stephanie Knight;Erika Gutierrez;Alyssastad
780;Natasha Calhoun;Jessica Rogers;Tiffanytown
781;Judy Cooper;Gina Hoover;North Chad
782;Nicholas Sims;Donna Horton;South Bryanbury
783;Bob Kelly;Adrian Mccullough;Heathermouth
784;Christopher Wilkins;Samuel Smith;Lisaville
785;Sarah Berry;Corey Harris;South Derrick
786;Kevin Fischer;Evelyn King;Cruzland
787;Dr. Samantha Taylor;David Gray;Webbmouth
788;Amanda Powers;Colton Freeman;Whitneyville
789;Diana Ross;Diane Adams;Kaylaborough
790;Nicholas Miller;Mrs. Patricia Atkins;South Christinetown
791;Sherri Vasquez;Anne Williams;Port Kimchester
792;Ashley Brooks;Brett Smith;Port Joseph
793;Kevin Olson;Michael James;South Audrey
794;Paul Powers;Jennifer Jones;Lake Daniel
795;Joseph Boyd;Jennifer Rhodes;Simmonsshire
796;Lisa Arnold;Kyle Nichols;Cynthialand
797;Mary Graham;Terry Jacobs;Laneland
798;Sonia Spencer;Krista Hansen;Rhondaview
799;Anthony Dougherty;John Wright;New Steven
800;Jim Moody;Michael Wells;North Brentberg
801;Jocelyn Houston;Lindsay Poole;Lake Dariustown
802;Brian Robinson;Paige Collins;Martinmouth
803;Paula Butler;Brian Bates;Garciaburgh
804;Stephanie Boone;Nicole Miller;Joshuabury
805;William Barnes;James Davis;North Brittany
806;Shelley Griffin;Andre Cruz;West Joseph
807;Deborah Wells;Luis Jimenez;Parksfort
808;James Reyes;Lori Daniel;Snowstad
809;Teresa Bruce;Leslie Snyder;Jaredberg
810;Maria Anderson;Marvin Ramirez;West Joseph
811;Bryan Rios;Hannah Maynard;South Jordanport
812;Gina Gilbert;James Wilson;Lake Kristin
813;Stephanie Thompson;Faith Frank;Jessicachester
814;Joseph West;Steven Smith;New Amber
815;Patricia Brown;Bryan Arnold;Matthewmouth
816;Adam Jimenez;Felicia Key;West Sarah
817;John Jones;Brianna Adams;Gentryland
818;Christopher Rojas;Jamie Webb;New Michaelburgh
819;James Wagner;Abigail Kelly;Timothyton
820;Jessica Simon;William Alexander;Maldonadomouth
821;Todd Johnson;Craig Gomez;Brianland
822;William Mendoza;Autumn Wyatt;South Sarahside
823;Joe Ball;Mary Fields;Waltonfort
824;Morgan Castillo;Elizabeth Wright;Richardborough
825;Christine Johnson;April Hardin;Samuelhaven
826;Jerome Brown;Ryan Torres;New Kimberly
827;Nancy Powell;Jennifer Hill;South Marymouth
828;Robert Wheeler;Scott Fernandez;New Sarah
829;Nancy Clark;Maria Huff MD;New Jessicatown
830;Phyllis Casey;Sharon Schroeder;Lake Cynthia
831;Amanda Stewart;Brandy Ortiz;Leeville
832;Kirk Ruiz;Katherine Ellison;East Madelinemouth
833;Justin Rose;Deborah Reid;North Rebeccaside
834;Angela Chang;Tony Manning;Lake Zachary
835;Corey Horton;William Perkins;New Shelbyborough
836;Tammy Nichols;Jessica Velazquez;New Leah
837;Lisa Beck;Thomas Gutierrez;Jamesside
838;Taylor Kennedy;Susan Baker;Karenfort
839;Phyllis Stewart;Zoe Miller;Port Kathy
840;Carlos Jones;Angel Lambert;Blairburgh
841;Carrie Miller;Christopher Golden;Port Leslieview
842;Sheryl Davis;Phillip Johnson;Cameronfurt
843;Debra Smith;Mark Koch;Walkertown
844;Jennifer Miller;Jason Norman;Kellyland
845;Ethan Mathews;Francisco Ware;Lake Alexandermouth
846;Terri White;Kathleen Gonzales;Olsenmouth
847;Shannon Adams;Katie Lindsey;North Kimhaven
848;Chad Johnson;Samantha Franklin;Lifort
849;Jane Garcia;Cindy Jackson;Jamestown
850;Brandon Drake;Gabrielle Wright;North Lauraborough
851;Abigail King MD;Emily Wood;Millermouth
852;Shelby Calhoun;Maureen Willis;East Maryhaven
853;David Mendoza;Miss Kendra Schneider;Woodardport
854;Matthew Brown;Emily Pearson;North Clifford
855;Erin White;Amanda Shepherd;West Johnfort
856;Kendra Miller;Sierra James;Boydstad
857;Sarah Morgan;Rick Best;North Aaronmouth
858;Connie Robertson;Emily Butler;Richardside
859;Michael Daniels;Patricia Clark;Lake Christyport
860;David Ramsey;Gabriel Allen;South Robertberg
861;Roger Berger DDS;David Chen;Benjaminburgh
862;Eduardo Berger;Allison Thompson;New Davidchester
863;Karen Brown;Melissa Lutz;Benjaminhaven
864;Tracy Harper;Tina Vega;Ramirezchester
865;Brian Moran;Christine Simpson;Carrside
866;Jeff Reynolds;Deborah Smith;North Josephland
867;Catherine Black;Emily Black;Lozanofurt
868;Christina Wright;Linda Jones;Alyssamouth
869;Michelle Mora;Melissa Jefferson;Jordanview
870;Jeffrey Harrington;Jean Edwards;Sheryltown
871;Andre Flores;Matthew Brown;Wilsontown
872;Alice Hunt;Melissa Lopez;Chandlermouth
873;Richard Gonzalez;Melissa Crosby;Cuevashaven
874;Ashlee Rogers;Steven Taylor;New Carolmouth
875;Evan Rodriguez;Justin Thompson;Adamshaven
876;Nicole Mcdonald;Debra Jenkins;Davidmouth
877;Kenneth Dixon;Jon Hamilton;Martinville
878;John White;Theresa Delgado;West Jameschester
879;Blake Schultz;Ryan Cummings;Masseyton
880;Cristina Alvarez;Sarah Chavez;Lake Jacqueline
881;Victoria Dixon;Cathy Stone;Jameshaven
882;Daniel Bush;Joseph Shaffer;Fernandezport
883;Justin Bennett;Anne Wiggins;West Amanda
884;Dr. Jeremy Carter;Melissa Henderson;Danielside
885;Jordan Manning;Valerie Hall;Martinezmouth
886;Martin Johnson;Carolyn Young;Edwardsberg
887;Jimmy Evans;Jennifer Simon;Brianstad
888;Laura Miller;Tracy Prince;Johnsonton
889;Crystal Howe;Christopher Johnson;West Emily
890;Tom Scott;Michael Henderson;Port Erinville
891;Kimberly Parker;Kim Drake;Samanthaton
892;Kimberly Hall;Shelley Ross;Lake Kathleenmouth
893;Brian Garcia;Julie Buckley;South Richard
894;Chad Martin;Mariah Johnson;Harrisberg
895;Hayley Fuller;Ricky Allen;South Gregoryburgh
896;Douglas Tucker;Christopher Perry;Port Kristinaside
897;Penny Wagner;Russell King;Kennethstad
898;Edward Rodriguez;Melissa Peterson;Lake Sarah
899;Nancy Carroll;Margaret Kelley;East Erikaburgh
900;Janet Gray;Matthew Cole;East Kent
901;Phillip Hoover;Andrea Donaldson;Port Kerry
902;Tammy Lam;Carolyn Williams;West Suzanneville
903;Sharon Maldonado;Clifford Jackson;Lake Marieshire
904;Gregory Campbell;Cynthia Ortiz;Rangelmouth
905;Douglas Davis;Leah Perez;Lake Patrick
906;Christopher Anderson;Vincent Palmer;East Kevin
907;Howard Simpson;Kylie Hoffman;Michellefurt
908;Vincent Johnson;Pamela Ellis;South Deborah
909;Angela Paul;Alex Watson;West Jennifer
910;Brianna Bailey;Justin Strong;Lake Bryanview
911;Dawn Patton;Erica Flores;East Julianville
912;Betty Bender;Lauren French;Rodriguezville
913;Sarah Stokes;Alexandra Ellison;South Charlesshire
914;Ronald Crawford;Alyssa White;West Sheryl
915;Levi Mann;Anna Gilbert;East Carrietown
916;Alexander Ramirez;Mary Phillips;South Jennifer
917;Christopher Bridges;Peggy Parks;North Aaron
918;Sarah Williams;Noah Livingston;East William
919;Shannon Martinez;Darlene Taylor;East Katherine
920;Amanda Parker;Kelly Fleming;West Wendy
921;Richard Taylor;Amber Taylor;Callahanburgh
922;Joseph Wade;Dorothy Ayala;Teresaborough
923;Courtney Collins;Jordan Price;Casehaven
924;Colleen Acosta;Daniel Washington;Reynoldsshire
925;Susan Moore;Jason Jones;Amberview
926;Kari Doyle;Shannon Padilla;Jamesland
927;Kristen Vaughn;Mr. Jeffrey Tate DDS;North Jessica
928;Taylor Carr;Felicia Patterson;West Maria
929;Michael Davis;Steven Fields;Anthonyside
930;John Avila;Christopher Phelps II;Carlburgh
931;Patricia Howard;Austin Walters;Williamshire
932;Jennifer Kerr;Tiffany Stewart;Port Angelaside
933;Raymond Hicks;Becky Carter;Kellerstad
934;Yvonne Flores;Derrick Duran;Lake Philipburgh
935;Richard Patel;Cheryl Velasquez;East Alexander
936;Brett Thomas;Linda Lopez;Simmonstown
937;Leah Martinez;Tyler Pennington;West Steven
938;Edward Cisneros;Levi Webster;Adamsmouth
939;Andre Costa;Helen Smith;Bonillashire
940;Brian Hoffman;Christopher Boone;Lake Patricia
941;Kristine Duarte;Emily Garcia;West Laura
942;Jamie Evans;Ronald Vega;New Anafurt
943;Michael Richardson;Ralph Wells;New Brandonshire
944;Robert Lee;Scott Duncan;Lake Alexander
945;Kevin Lawrence;David Henderson Jr.;Brendashire
946;Anne Watson;Veronica Smith;West Marieland
947;Kenneth King;Jeremy Doyle;Port Kariport
948;Luke Bright;Brandi Jordan;Port Allisonburgh
949;Anthony Scott;Elizabeth Hernandez;North Molly
950;Theresa Garcia;Cynthia Mitchell;Brianstad
951;Erik Morris;Daniel Gomez;Hamiltonville
952;Misty Smith;Samuel Escobar;South Amber
953;Carrie Wright;Kristen Silva;New Brendaville
954;Adam Singleton;Kaitlin Alexander;Richardsonberg
955;Deborah Smith;Raymond Cook;Chavezville
956;Allen Hill;Angela Montgomery;Fryefurt
957;Heather Hardy;Brittany Adkins;Baileymouth
958;Nancy Hill;Jennifer Carrillo;Penningtonburgh
959;Spencer Rios;Jessica Gomez;Port Christopher
960;Theodore Morris;Bradley Norris;Jamesburgh
961;Samuel Monroe;Mrs. Christina Cowan;Rossville
962;Travis Simmons;Edward Bush;Brianchester
963;Courtney Warren;Lindsey Whitehead MD;East Williamport
964;William Adams;Luke Horton;Sanchezfurt
965;Chelsea Harris;Eric Howard;South Ambertown
966;Megan Boyd;Elizabeth Patterson;Livingstonstad
967;Charles Roberts;Heather Shepherd;Hicksland
968;Patricia Hansen;Kari Gregory;East Suzanne
969;Mr. Paul Lowery DDS;Matthew Wilson;Marieport
970;Andrew Baker;Alejandra Strickland;East Debraport
971;Linda Jones;Andrea Callahan;East Benjaminchester
972;Nicole Jones;Kimberly Richardson;Barbaratown
973;Melissa Silva;Robert Rich;North Matthew
974;David Murray;Ashley Bass;Kimberlyport
975;Derrick Farrell;Ruben Hinton;Jamesside
976;David Torres;Kathleen Bishop;Lake Charlotteburgh
977;Carolyn Thompson;Jonathan Harrington;Baldwinfort
978;Colin Mills;Bruce Brown;South Sean
979;Jennifer Richards;Crystal Walters;Maryton
980;Richard Wright;Brittany Dodson;East Georgehaven
981;Grant Wood;William James;East Ashleymouth
982;James Chaney;Madison Stone;New Nancy
983;Danielle Berger;Daniel Stanton;Lake Hollytown
984;Ashley Roberts;Patricia Parks;Cynthiashire
985;Bryan Smith;Travis Carroll;Lake Michaelfort
986;Alex Moody;Paula Ramos;Chapmanberg
987;Jennifer Lopez;Kellie Price;Wangside
988;Chad Whitney;Timothy Holland;Lake Tammy
989;James Romero;Johnny Vargas;Port Karen
990;Lori Gomez;Taylor Petersen;Jamesborough
991;Teresa Juarez;Christopher Wright;Riosview
992;Daniel Johnson;Melissa Edwards;Port Bradley
993;Brett Henry;Belinda Sosa;New Curtis
994;Jason Oneill;Emily Simpson;Port Nataliechester
995;Stephen Pearson;Harold Ryan;Williamshaven
996;William Pratt;Benjamin Arnold;Jonesville
997;Melissa Sherman;Evan Olsen;Morrisland
998;Glenn Clark;David Sanchez;Lake Toddfort
999;Laura Ali;Dana Vargas;Johnland
1000;Victoria Cohen MD;Sean Young;South Brittanytown
