1;Joyce-Normanexh.;Lake Jennifer;291;653
2;Wilson, Bailey and Figueroaexh.;Port Audreyport;93;265
3;Wells, Phillips and Jacobsexh.;Lake Jasmin;162;50
4;Dawson LLCexh.;Sullivantown;173;685
5;Douglas-Frenchexh.;Craigshire;281;2
6;Wise LLCexh.;West David;167;902
7;Rodriguez, Clarke and Wilsonexh.;Lake Kathryn;86;129
8;Watson Groupexh.;Gardnerport;70;578
9;Ray, Perez and Myersexh.;Benjaminfort;258;435
10;Green-Copelandexh.;Susanhaven;291;614
11;Daniels-Hunterexh.;Hinesbury;92;598
12;Martin, Jackson and Walshexh.;Longberg;120;10
13;Scott, Robinson and Mayexh.;Lake Christophermouth;82;285
14;Clark and Sonsexh.;Powellfort;189;811
15;Myers, Shaffer and Manningexh.;Reneemouth;193;608
16;Nelson-Hernandezexh.;Kristenberg;79;365
17;Young, Cherry and Clarkexh.;Port Trevorstad;159;271
18;Freeman, Crosby and Chaneyexh.;Devinside;95;630
19;Boyd, Schroeder and Gatesexh.;Juliamouth;280;230
20;Miller-Gordonexh.;Kaneberg;251;635
21;Morgan LLCexh.;Kevinton;300;749
22;Sweeney, Peterson and Marshallexh.;New Dylantown;66;930
23;Lee Incexh.;Hudsontown;113;36
24;Barrett Ltdexh.;South Angelahaven;178;397
25;Harrison, Gomez and Lewisexh.;North Margaretside;268;790
26;Brown-Vargasexh.;Newtonville;173;506
27;Conrad, Travis and Williamsonexh.;Morrisfort;61;683
28;Brady-Scottexh.;New Kim;135;578
29;Martinez, Dean and Keithexh.;East Hunterview;272;427
30;Forbes PLCexh.;New Jenna;168;255
31;Ortiz, Johnson and Jacksonexh.;Zacharyview;263;186
32;Henry, Cook and Lopezexh.;Jasonport;219;54
33;Webster Incexh.;North Lydia;123;905
34;Martin, Clark and Summersexh.;South Bryan;177;310
35;Durham-Milesexh.;Petermouth;148;935
36;Morrison, White and Martinexh.;East Melissaview;105;361
37;Riley-Wellsexh.;Lake Calvin;68;723
38;Garrett PLCexh.;West Kenneth;234;571
39;Aguirre, Chapman and Riveraexh.;Wilsonberg;80;564
40;Stevens-Hoffmanexh.;Port Kevinville;250;828
41;Cooper, Scott and Bergerexh.;Erikfurt;50;832
42;Valdez Groupexh.;Samuelmouth;176;207
43;Kelley and Sonsexh.;Cookfort;170;209
44;Robinson-Lynchexh.;East Sandra;270;631
45;Villanueva-Lewisexh.;Lake Racheltown;234;849
46;Thompson-Richardsexh.;Port Erik;187;31
47;King and Sonsexh.;North Henrymouth;169;481
48;Harris and Sonsexh.;Williechester;291;463
49;Vargas, Nelson and Williamsexh.;Vegafort;151;444
50;Nichols, Peterson and Cookexh.;Guzmanland;86;65
51;Brooks and Sonsexh.;South Margaretberg;61;130
52;Carpenter-Butlerexh.;Melaniestad;68;985
53;Garrison-Laraexh.;Port Richard;71;482
54;Montgomery Incexh.;Watkinsland;55;679
55;Jenkins, Ortiz and Bellexh.;Petersstad;293;444
56;Mcdonald, Porter and Millerexh.;Lake Suzanneland;287;836
57;Wiley, Little and Martinexh.;Nguyenhaven;289;378
58;Chapman Groupexh.;North Tracyville;171;166
59;Myers-Mclaughlinexh.;Lake Angelahaven;193;799
60;Guerrero, Bailey and Martinezexh.;Reneeville;256;746
61;Burke-Howeexh.;Danielview;69;226
62;Rogers PLCexh.;East Maryshire;246;375
63;Franklin, Anderson and Robbinsexh.;Williamstown;122;833
64;Davis and Sonsexh.;Port Christineport;276;776
65;Hamilton, Smith and Millsexh.;West Todd;256;279
66;Davis PLCexh.;New Breannabury;117;912
67;Perry, Harris and Moranexh.;East Leah;144;161
68;Mcpherson and Sonsexh.;North Ashleyport;246;23
69;Myers, Shaw and Priceexh.;Aprilfort;293;317
70;Carter and Sonsexh.;East Stephenfurt;268;844
71;Tapia LLCexh.;Matthewborough;271;859
72;Ruiz-Mclaughlinexh.;Rebeccafort;80;242
73;Flowers, Williams and Hartexh.;East Julieside;107;617
74;Kent, Combs and Johnsonexh.;Brownside;282;859
75;Walker-Rojasexh.;North Jonathan;182;526
76;Byrd LLCexh.;Bentleystad;230;678
77;Thompson, Page and Calderonexh.;East Seanberg;270;133
78;Hill-Wongexh.;Randychester;128;955
79;Morales-Romeroexh.;Haydenport;132;306
80;James, Mcfarland and Mccormickexh.;Michaelberg;170;889
81;Ball PLCexh.;North Kathleen;295;127
82;Alexander, Moore and Cantuexh.;Gilltown;116;408
83;Charles, Watson and Hicksexh.;Whitneyhaven;100;490
84;Cooper, Clark and Wileyexh.;West Traci;229;401
85;Spencer-Cantuexh.;Krauseborough;94;58
86;Waters, Smith and Craigexh.;South Hollyton;259;298
87;Carter, Ferrell and Bryanexh.;South Michele;156;77
88;Hobbs-Ortegaexh.;Walkerhaven;219;749
89;Goodwin-Schroederexh.;South Jamestown;172;990
90;Evans, Davis and Parkerexh.;Fergusonmouth;232;860
91;Adams-Greeneexh.;South Derekstad;222;735
92;Sanchez, Moreno and Goodexh.;Palmermouth;205;574
93;Buck LLCexh.;Lake Joshuaberg;197;819
94;Sanchez-Wilsonexh.;North Yvonne;273;187
95;Wilkins, Molina and Craigexh.;Lake Zacharyhaven;150;466
96;Hale-Williamsexh.;West Sandrachester;227;43
97;Ferguson-Gregoryexh.;Garciastad;169;443
98;Logan PLCexh.;Victoriaburgh;66;481
99;Smith, Parker and Sawyerexh.;Port Christopher;99;25
100;Garcia-Martinezexh.;Joyborough;205;565
101;Thomas, Silva and Castroexh.;South Emily;297;651
102;Carlson, Brown and Doyleexh.;Daleville;234;956
103;Walker-Robertsexh.;South Adam;294;682
104;Andrews, Thomas and Meyerexh.;Richardland;120;876
105;Nelson, Silva and Vangexh.;Parkschester;239;175
106;Nielsen-Chandlerexh.;Lake Marymouth;134;676
107;Becker-Garciaexh.;Port Christopher;176;643
108;Reed-Wrightexh.;Erinport;156;215
109;Rosales-Rayexh.;Port Brian;168;315
110;Hinton LLCexh.;West Jennifer;135;932
111;Murphy, Ruiz and Millerexh.;North Malikville;118;555
112;Smith, Boone and Moranexh.;Jenniferberg;113;934
113;Manning, Schultz and Gomezexh.;Franklinville;242;831
114;Roy-Jacksonexh.;Jillside;71;963
115;Turner-Colemanexh.;West Helenton;182;374
116;Becker, Sandoval and Johnsonexh.;East Kylestad;295;936
117;Wolfe Groupexh.;West Gregory;126;387
118;Beck PLCexh.;Vanessaville;262;213
119;Garrett Incexh.;Kimberlychester;91;946
120;Brock Groupexh.;New Eugenefurt;212;849
121;Garcia LLCexh.;South Dawnland;298;501
122;Martin and Sonsexh.;Bakerbury;252;280
123;Espinoza Groupexh.;New Kelly;144;896
124;Arnold, Werner and Wrightexh.;Alicialand;196;673
125;Glover-Moralesexh.;West Andrewfurt;290;585
126;Fowler, Cox and Williamsexh.;Latoyabury;142;933
127;Ramirez, White and Lawsonexh.;South Sarahfort;202;863
128;Obrien-Stoutexh.;Michellebury;168;966
129;Murphy, Hunt and Ortizexh.;Torresport;154;509
130;Garcia, Leonard and Perezexh.;Julieview;277;828
131;Gray PLCexh.;South Michaelland;229;791
132;Clark Groupexh.;New Mariotown;191;465
133;Baxter and Sonsexh.;Michaelshire;77;998
134;Rodriguez-Gomezexh.;Chavezmouth;62;301
135;Hicks-Mathisexh.;Stephanieberg;107;586
136;Green-Youngexh.;Collinsland;263;906
137;Weber-Pinedaexh.;Lake Adrianland;116;109
138;Brown-Perryexh.;South Vincentstad;225;87
139;Jefferson Ltdexh.;Anthonyside;233;778
140;Ramirez-Nicholsexh.;Kellyside;190;740
141;Davis, Jones and Elliottexh.;Charlesberg;292;222
142;Mcpherson PLCexh.;Kimberlyview;191;660
143;Lee-Greenexh.;East Meganshire;240;868
144;Rowe LLCexh.;South Haileybury;108;859
145;Davis, Gardner and Johnsonexh.;New Shawnshire;58;702
146;Smith LLCexh.;North Christinahaven;300;444
147;Allison Groupexh.;North Stephanietown;274;849
148;Goodman-Millerexh.;Port Dustinmouth;273;683
149;Myers-Smithexh.;South Kelly;224;295
150;Lang, Russell and Shahexh.;Barberhaven;97;663
151;Jackson-Davisexh.;New Donald;97;431
152;Roberts LLCexh.;Port Christophermouth;228;769
153;Gordon and Sonsexh.;Rayfort;174;355
154;Wise Ltdexh.;Angelaborough;206;244
155;Murray Groupexh.;Dawnside;160;502
156;Allen, Ortega and Washingtonexh.;Lauraport;92;245
157;Nelson-Richmondexh.;Meganton;170;389
158;Delgado Incexh.;Melissashire;184;19
159;Aguilar Incexh.;Jeffreyburgh;90;923
160;Lee-Hebertexh.;West Brandi;196;808
161;Watson, Ball and Phamexh.;New Kenneth;164;937
162;Sawyer-Wallsexh.;South Daniel;253;3
163;Snyder-Boltonexh.;Hubbardmouth;154;913
164;Davis Ltdexh.;New Elizabeth;229;907
165;Baker PLCexh.;Edwardshire;154;979
166;Wilson, Hinton and Wadeexh.;Alyssaport;270;20
167;Orr Incexh.;Danielmouth;260;850
168;Freeman-Andersonexh.;East Daniel;273;274
169;Snyder-Byrdexh.;Georgeshire;213;306
170;Bishop and Sonsexh.;Debrafort;225;327
171;Hoffman Ltdexh.;Dylanville;89;688
172;Wilson Incexh.;Lake Gregoryview;186;335
173;Hicks, Mahoney and Holdenexh.;West Jessica;158;507
174;Schultz and Sonsexh.;Jenniferville;82;949
175;Montgomery-Popeexh.;Ericaville;104;938
176;Perry and Sonsexh.;Johnsonstad;183;875
177;Martinez, Colon and Mcgrathexh.;Moralesshire;204;840
178;Becker PLCexh.;South Kevinside;279;131
179;Austin-Gibsonexh.;Michaelport;139;582
180;Thompson Groupexh.;Allenhaven;286;745
181;Clark PLCexh.;Cruzburgh;57;83
182;Harris Groupexh.;North Justin;238;714
183;Jones, Williams and Armstrongexh.;Sharonfurt;153;776
184;Green Incexh.;Stevenfort;289;11
185;Griffith-Hamiltonexh.;East Jocelynfurt;242;224
186;Fowler-Adamsexh.;Johnton;112;447
187;Turner, Rodgers and Owensexh.;Taylorview;267;193
188;Carlson-Christensenexh.;Lake Jamesberg;110;222
189;Boyd and Sonsexh.;South Emily;53;188
190;Jimenez Ltdexh.;South Patricialand;273;401
191;Carr Incexh.;East Shirley;99;905
192;Aguilar, Robbins and Wilsonexh.;Williamsmouth;215;858
193;Chambers-Changexh.;South Kevinbury;112;784
194;Cantrell, Greene and Gravesexh.;Farleymouth;246;870
195;Castillo, Smith and Rollinsexh.;Johnstonmouth;116;918
196;Harrington, Wilson and Mcdonaldexh.;Petersonmouth;82;428
197;Mcgee, Hunter and Davidsonexh.;Lake Robin;51;605
198;Murray LLCexh.;New Kevin;133;34
199;Mcmahon LLCexh.;East Heather;115;488
200;Walker, Richardson and Petersexh.;Lake Derek;255;793
201;Henderson PLCexh.;South Jessicaside;257;764
202;Wood LLCexh.;North David;138;884
203;Mccarty-Perezexh.;South Chad;177;3
204;Sampson-Santosexh.;West Ryanberg;256;244
205;Miller Incexh.;North Melissa;244;979
206;Douglas-Whiteexh.;Patrickview;141;738
207;Walton, Young and Callahanexh.;South James;245;221
208;Goodman, Butler and Phillipsexh.;Andersonfort;145;415
209;Sherman-Lyonsexh.;North Ricardochester;300;987
210;Brown-Jeffersonexh.;Vaughnville;157;792
211;Adkins-Ayalaexh.;Brendastad;65;578
212;Smith-Colemanexh.;North Gregorymouth;122;484
213;Williams Ltdexh.;Lawsontown;260;102
214;Gonzalez-Burtonexh.;Port Gregory;63;413
215;Hampton, Garcia and Foleyexh.;East Melissa;69;800
216;Valencia and Sonsexh.;East Davidville;57;109
217;Lowery-Lunaexh.;Hodgeschester;197;540
218;Hines and Sonsexh.;North Lauraburgh;53;726
219;Burns-Tranexh.;Joeberg;261;522
220;Navarro-Bonillaexh.;West Geraldfort;164;883
221;Brewer LLCexh.;Turnerview;76;667
222;Golden LLCexh.;North Patriciashire;93;599
223;Horton Incexh.;South Miguelfurt;94;924
224;Fisher Incexh.;Patriciaburgh;91;500
225;Tucker Groupexh.;West Davidchester;69;909
226;Wilkinson-Danielsexh.;Port Barbaraland;141;228
227;Smith-Hardyexh.;Kimberlystad;251;736
228;Hicks-Phillipsexh.;West Leah;163;753
229;Diaz-Mcclainexh.;South Michaelberg;253;219
230;Boyer, Anderson and Stephensexh.;Lake Lisa;162;116
231;Walker-Sellersexh.;Brooketon;220;170
232;Bates-Simmonsexh.;Gregorychester;168;660
233;Robinson and Sonsexh.;Wyattfurt;210;87
234;Mcdonald Incexh.;Port Markton;178;276
235;Martin, Robertson and Walshexh.;Mannland;289;150
236;Barrett, Tate and Bakerexh.;Craigtown;197;431
237;Brown Incexh.;Noahborough;162;174
238;Buck and Sonsexh.;Wadeville;157;236
239;Walker LLCexh.;Williamsberg;254;231
240;Smith-Watkinsexh.;Lake Williamfurt;186;890
241;Galloway LLCexh.;North Erik;259;730
242;Clark LLCexh.;Josephberg;95;100
243;Gould, Gonzales and Foleyexh.;Kingmouth;203;871
244;Scott-Thompsonexh.;Port Codymouth;85;136
245;Griffith-Grossexh.;Austinstad;115;577
246;Cox PLCexh.;Kimberlyview;173;892
247;Cox and Sonsexh.;Teresahaven;82;170
248;Johnson, Clark and Martinezexh.;Sheriburgh;136;471
249;Duke-Maciasexh.;New Aliciatown;146;253
250;Taylor Incexh.;Port Randall;66;112
251;Smith and Sonsexh.;East Kristybury;290;795
252;Carson PLCexh.;Christinestad;292;48
253;Becker-Wileyexh.;Antoniobury;259;625
254;Blackwell Ltdexh.;Donaldbury;68;558
255;Martinez-Hernandezexh.;Lopezfurt;117;966
256;Reynolds and Sonsexh.;Jamesfort;272;755
257;Reese-Campbellexh.;Parkerbury;117;961
258;Smith LLCexh.;Burketown;271;121
259;Cowan Groupexh.;Caitlinstad;181;360
260;Melton-Paulexh.;Robinsonshire;108;25
261;Molina-Jonesexh.;Camposville;237;64
262;Edwards PLCexh.;Lake Tiffany;143;840
263;Gardner LLCexh.;Millerview;70;674
264;Rhodes LLCexh.;Mitchellhaven;183;582
265;Myers and Sonsexh.;Montestown;133;608
266;Woods and Sonsexh.;East Sharon;259;994
267;Hernandez, Wilson and Rileyexh.;Port Stephen;122;894
268;Wright Groupexh.;Brettstad;184;531
269;Dennis-Trujilloexh.;South Davidland;239;742
270;Kirk, Payne and Cohenexh.;West Jennifer;78;996
271;Hunter, Martin and Johnsonexh.;Wilsonmouth;283;273
272;Nixon-Serranoexh.;New Laura;271;698
273;Smith Ltdexh.;Justinville;282;950
274;Frey, Gomez and Conwayexh.;South Dustinport;247;802
275;Thomas-Jacksonexh.;Danieltown;188;118
276;Price LLCexh.;South Tiffany;254;871
277;Salinas, Mann and Douglasexh.;Port Dawnberg;205;881
278;Murray LLCexh.;Michaelmouth;260;741
279;Hartman-Millerexh.;Port Gregory;53;478
280;Maxwell PLCexh.;South Destiny;210;690
281;King-Beasleyexh.;Simmonsport;265;254
282;Harris-Danielsexh.;New Evan;254;617
283;Guzman and Sonsexh.;North Katelyn;146;251
284;Drake LLCexh.;Morenobury;228;919
285;Salas-Cookexh.;Lake Paulmouth;223;692
286;Orr-Hawkinsexh.;Lake Michaelshire;296;608
287;Schwartz Groupexh.;Williamsfort;245;903
288;Cruz, Burns and Myersexh.;North Monicachester;262;58
289;Hill-Carterexh.;Cooperville;65;33
290;Hood Groupexh.;Ryanhaven;87;410
291;Miller, Harris and Pattersonexh.;Cherylview;174;269
292;Moon-Armstrongexh.;Smithmouth;158;447
293;Jarvis, Tanner and Goodwinexh.;Lake Charlesburgh;236;944
294;Robinson-Berryexh.;Rosaleston;59;527
295;Torres Groupexh.;Tuckerview;99;326
296;Clayton and Sonsexh.;Lake Steven;224;470
297;Hernandez, Miller and Crossexh.;Mcdonaldshire;76;577
298;Harding-Carrexh.;Austinport;277;961
299;Weaver, Meyer and Curtisexh.;North Michael;196;498
300;Madden, Bryant and Conleyexh.;Port Kevin;253;246
301;Bates, Bowman and Jacksonexh.;South Valerie;242;259
302;Green Ltdexh.;Flemingberg;238;591
303;Griffin, Ward and Fieldsexh.;South Michaelburgh;71;758
304;Pierce-Nguyenexh.;East Veronicahaven;105;779
305;Patel-Johnsonexh.;North Karen;183;691
306;Watson, Jones and Kellyexh.;Greentown;200;459
307;Fuentes Incexh.;North William;132;516
308;Patton, Jennings and Riceexh.;Seanside;172;10
309;Phillips, Ramirez and Greenexh.;Lake Christopher;289;446
310;Brown, Paul and Grantexh.;Thomasberg;255;923
311;Taylor-Wallaceexh.;Jessicaport;83;237
312;Hunt Incexh.;Paynefort;247;360
313;Delgado, Salinas and Williamsexh.;Isaacstad;242;730
314;Soto Ltdexh.;Schultzbury;204;553
315;Kerr-Gentryexh.;Adamsmouth;139;948
316;Burton Ltdexh.;Karenmouth;153;585
317;Schwartz PLCexh.;Michaelaview;107;271
318;Strong PLCexh.;Jessicashire;84;920
319;Christensen-Wilsonexh.;West Kimberly;226;96
320;Juarez Groupexh.;Michelleside;281;79
321;Gray, Richardson and Galvanexh.;Bridgetville;201;243
322;Dixon-Sotoexh.;Matthewborough;152;169
323;Duffy-Grayexh.;Taylormouth;112;416
324;Jones PLCexh.;Scotttown;101;94
325;Rodriguez Incexh.;South Christy;235;859
326;Hoffman and Sonsexh.;Ellisbury;183;861
327;Brown PLCexh.;Cookmouth;95;122
328;Howard Ltdexh.;East Natasha;262;263
329;Phillips, Levine and Reevesexh.;East Justinhaven;100;302
330;Scott Groupexh.;Wardmouth;254;118
331;Jimenez-Esparzaexh.;Tiffanyland;277;261
332;Ramos-Yatesexh.;Lake Sharonchester;61;696
333;Patel-Wheelerexh.;Rachelmouth;135;272
334;Medina, Ramos and Simonexh.;Jacksonmouth;253;241
335;Austin-Hamiltonexh.;South Kathryntown;260;696
336;Camacho Ltdexh.;North Antoniobury;180;411
337;Osborne-Stoutexh.;East Derek;90;176
338;Marks-Weissexh.;Port Danielfurt;172;313
339;Chan and Sonsexh.;Brewerborough;265;851
340;Herrera, Hernandez and Guzmanexh.;Steeleburgh;97;640
341;Gonzalez, Greer and Bensonexh.;Thomasmouth;151;775
342;Martinez, Bowers and Robinsonexh.;Lake Josephshire;153;819
343;Dixon Incexh.;Lake Danielfurt;68;855
344;Mosley, Andrews and Murphyexh.;Port Brettville;241;786
345;Hopkins PLCexh.;Maryshire;210;833
346;Ware-Taylorexh.;Sweeneyshire;271;635
347;Holland PLCexh.;South Zachary;106;883
348;Davis-Mosleyexh.;Lopezfort;54;400
349;Mann, Harrison and Stevensexh.;South Andrew;99;755
350;Williams-Williamsexh.;New Jesse;201;660
351;Bennett, Elliott and Taylorexh.;South Danielfort;248;504
352;Smith-Jonesexh.;Lake Heather;294;129
353;Chambers, Curry and Cainexh.;Nelsonport;70;509
354;Miller and Sonsexh.;Charlesstad;109;758
355;Rice, Martinez and Krauseexh.;Bellchester;300;184
356;Murillo Groupexh.;Port Cynthiatown;53;850
357;Larsen Groupexh.;Moralesmouth;167;275
358;Russell-Wilsonexh.;North Jeffrey;272;768
359;Robinson-Lopezexh.;Scottmouth;192;259
360;Mcknight-Cruzexh.;Kimberlyview;87;851
361;Walker, Moore and Brownexh.;Pricemouth;293;278
362;Baird-Pierceexh.;Port Jenna;90;725
363;Cline, King and Bergerexh.;New Paul;206;48
364;Brown-Powersexh.;Stuarthaven;206;233
365;Cooper, Choi and Chavezexh.;Youngtown;68;228
366;Horton-Lopezexh.;Adamsview;115;865
367;Maldonado, Evans and Martinezexh.;East Debra;277;693
368;Boyd-Campbellexh.;North Lisa;147;522
369;Holloway-Yorkexh.;Mccallton;50;585
370;Harris-Turnerexh.;Josephmouth;178;468
371;West Incexh.;Bryantborough;280;920
372;Blake-Simonexh.;New Pamela;214;127
373;Cunningham and Sonsexh.;Lisafort;258;517
374;Johnson LLCexh.;South Michaelstad;76;637
375;Washington-Masonexh.;Morrisfort;224;182
376;Cruz, Green and Austinexh.;Williemouth;299;498
377;Martin Ltdexh.;Johnsonmouth;179;587
378;Parker, Powell and Millerexh.;South Alexisbury;180;755
379;Berry LLCexh.;South Williammouth;282;308
380;Mason-Leeexh.;Bowmanview;234;508
381;Phillips-Aguilarexh.;Johnsonchester;99;638
382;Rose-Wrightexh.;Potterbury;156;589
383;Smith, Martinez and Singhexh.;Jamesberg;202;637
384;Gutierrez, James and Molinaexh.;Allisonmouth;285;622
385;Estrada-Morganexh.;West Christopher;142;872
386;Johnson, Sanchez and Howardexh.;Riveraberg;289;979
387;Ellis, Weber and Chambersexh.;Millstown;253;594
388;Mays Ltdexh.;East Matthew;230;265
389;Daniels-Vazquezexh.;New Jason;232;982
390;Johnson, Ramirez and Harveyexh.;North Shariton;273;977
391;Powell and Sonsexh.;South Diane;286;181
392;Schneider and Sonsexh.;New Katherinemouth;71;772
393;Carter Ltdexh.;Donnabury;232;70
394;Trujillo-Evansexh.;Katieburgh;164;115
395;Martin Ltdexh.;North Michellechester;158;839
396;Estrada-Freemanexh.;East Natasha;267;275
397;Bailey Groupexh.;Lake Anthony;148;564
398;Gray, Petty and Ruizexh.;New Meaganberg;258;178
399;Medina, Wise and Browningexh.;North Christopherhaven;188;209
400;Hall Incexh.;Alexisview;92;767
401;Kelley-Reyesexh.;Richardborough;296;535
402;Simpson and Sonsexh.;East Dominique;237;60
403;Simmons PLCexh.;Rachelburgh;68;578
404;Moore, Shelton and Petersonexh.;West Courtney;224;601
405;Mccoy, Lowery and Nicholsexh.;Jenniferside;255;322
406;Davis-Hughesexh.;South Sandrabury;184;426
407;Bailey, Jones and Ramirezexh.;Andrewside;56;754
408;Foley Ltdexh.;North Barbaraberg;81;783
409;Rogers-Bautistaexh.;Kristenbury;150;511
410;Lewis Groupexh.;Amberview;248;422
411;Green-Newmanexh.;Robertberg;228;245
412;Wilson-Mendozaexh.;Karenburgh;123;212
413;Montoya, Hamilton and Mullinsexh.;South Jamesshire;132;503
414;Jordan, Rivers and Hutchinsonexh.;North Shannontown;200;185
415;Archer-Silvaexh.;South Jennifer;283;376
416;Miller-Zimmermanexh.;Alexanderborough;238;40
417;Martin-Owensexh.;Christensenborough;92;797
418;Johnson-Grayexh.;Johnsonshire;97;327
419;Ross, Reilly and Garciaexh.;Lake Sarahfort;159;715
420;Sanders, Brown and Leeexh.;Amberside;89;142
421;Marshall-Jacksonexh.;Hicksside;278;9
422;Rogers Groupexh.;East Nicholas;188;266
423;Richardson and Sonsexh.;Perrymouth;239;112
424;Hanna-Vasquezexh.;Frenchborough;204;175
425;Baker, Benjamin and Johnsonexh.;Lawsonfort;239;203
426;Bennett Groupexh.;Hectorhaven;237;286
427;Diaz PLCexh.;Johnport;133;868
428;Schmidt PLCexh.;North Laurafort;146;575
429;White, Bush and Calhounexh.;New Donna;194;786
430;Rodriguez, Rocha and Greenexh.;Schwartzhaven;178;374
431;Holmes-Smithexh.;Lake Andrewton;285;515
432;Patterson Groupexh.;East Daniel;158;110
433;Gentry, Harrell and Murphyexh.;Erikton;218;833
434;Alexander, Ortiz and Hallexh.;New Cindy;242;272
435;Lee PLCexh.;North Paula;123;535
436;Flores Incexh.;Lake Crystal;100;509
437;Benitez Incexh.;Andersonberg;186;163
438;Frost Ltdexh.;West Brianton;111;153
439;Gutierrez, Santos and Lucasexh.;Port Toddport;291;286
440;Smith-Adamsexh.;Allenville;264;867
441;Cook Ltdexh.;Juliechester;273;674
442;Leon Groupexh.;Eatonside;153;859
443;Nguyen, Williams and Smithexh.;Lake Cynthia;135;395
444;Freeman, Castro and Heathexh.;Virginiastad;274;636
445;Sanchez-Greenexh.;East Hayden;258;60
446;Austin Ltdexh.;Hudsonbury;179;721
447;Bowman Incexh.;East Thomasshire;71;387
448;Duran-Thomasexh.;East Melissa;173;176
449;Francis LLCexh.;Coopermouth;232;149
450;Lee Groupexh.;Lake Paul;197;21
451;Watson and Sonsexh.;Bradstad;173;146
452;Smith Ltdexh.;North Crystal;237;333
453;Boyle Ltdexh.;Michaelburgh;55;364
454;Terry-Mcfarlandexh.;Teresaville;166;455
455;Lewis-Willisexh.;Lake Jermaine;300;687
456;Howard LLCexh.;West Jamesville;285;175
457;Evans-Martinexh.;South James;213;666
458;Hanna Ltdexh.;Rushfort;106;632
459;Carlson Groupexh.;Michellefort;225;459
460;Ford-Andersonexh.;Lake Nicholasside;266;509
461;Contreras-Jenkinsexh.;West Chelsealand;196;871
462;Travis, Salas and Solisexh.;West Adamton;172;564
463;Rodriguez-Banksexh.;Harveyfort;53;625
464;Hernandez Incexh.;Jillland;82;691
465;Cowan-Hermanexh.;Pamelaton;169;762
466;Mann, Stanley and Perezexh.;West Deborah;103;35
467;Johnson Incexh.;West Tamara;135;223
468;Barnes PLCexh.;Spencerland;247;816
469;Vargas, Matthews and Collierexh.;Lake Leslieton;298;235
470;Lane, Spencer and Torresexh.;Port Maryland;108;509
471;Pham PLCexh.;Webbview;299;549
472;Clark-Hillexh.;Montgomerymouth;151;492
473;Bruce Ltdexh.;New Lynnshire;276;409
474;Thomas-Kochexh.;Ambershire;243;880
475;Rasmussen LLCexh.;New Lori;287;198
476;Armstrong Ltdexh.;Griffithchester;287;498
477;Valencia, Little and Valdezexh.;East Jasmineside;117;641
478;Carrillo LLCexh.;South Joel;105;532
479;Smith Incexh.;East Larry;149;290
480;Higgins PLCexh.;South Alyssa;145;389
481;Robinson, Butler and Holmesexh.;North Michelle;111;884
482;Smith, Johnson and Evansexh.;West Shawnhaven;61;821
483;Morgan-Youngexh.;Port Susan;162;657
484;Davis, Thomas and Phillipsexh.;Clinestad;177;271
485;Grant Groupexh.;New Kaylaborough;185;160
486;Rhodes-Mcclainexh.;South Brittany;164;55
487;Wilson, Miller and Loweexh.;Sarahside;119;107
488;Bennett Groupexh.;New Cassandra;149;585
489;Thomas-Rodriguezexh.;New Maryhaven;242;190
490;Hooper, Smith and Gomezexh.;South Aaronstad;144;520
491;Proctor Ltdexh.;Cooperberg;53;910
492;Dean PLCexh.;Nathanielburgh;105;15
493;Allison-Lutzexh.;East Rachelland;179;705
494;Parker-Russellexh.;West Mistyside;261;995
495;Wood LLCexh.;New Brittany;250;947
496;Patrick-Gutierrezexh.;Williammouth;292;875
497;Smith-Guzmanexh.;South Christopher;210;213
498;Bishop, Kim and Robinsonexh.;West Davidmouth;95;56
499;Cooper-Lopezexh.;Hooverfort;209;679
500;Nguyen and Sonsexh.;Phillipsstad;66;432
501;Kelly, Bell and Parkerexh.;Port Shannonbury;299;898
502;Solomon and Sonsexh.;Fuentesport;103;497
503;Brown PLCexh.;South Janetstad;281;657
504;Stanley-Paulexh.;New Angelaberg;77;205
505;Fields Incexh.;New Ashleyfort;174;837
506;Bennett, Dawson and Parkerexh.;South Justinview;267;401
507;Prince-Nealexh.;Haynesbury;286;924
508;Garcia-Allenexh.;West Andreamouth;156;951
509;Miller and Sonsexh.;Waltersland;98;872
510;Howard, Preston and Smithexh.;Popeville;212;524
511;Walton, Bailey and Hannaexh.;West Kimberlychester;158;782
512;Morrison Ltdexh.;Danielhaven;266;261
513;Norman Groupexh.;Kathyland;159;115
514;Garcia Groupexh.;Williamfurt;285;927
515;Garcia, Wilson and Carpenterexh.;Port Leahtown;200;182
516;Thomas Ltdexh.;Lake Taylorland;115;68
517;Ramirez, Stewart and Wilkersonexh.;Andersonmouth;209;810
518;Guzman Ltdexh.;Wilcoxshire;173;155
519;Bird, Hughes and Youngexh.;Smithport;124;985
520;Ellis, Jackson and Leeexh.;Robertfort;64;557
521;White-Marshexh.;Smithview;237;12
522;Guerrero, Wolf and Wilsonexh.;Nicholastown;72;919
523;Robinson, Palmer and Ferrellexh.;Batesview;285;862
524;Andrews, Thompson and Carterexh.;Bakerchester;126;452
525;Smith Ltdexh.;Edwardsfort;152;795
526;Rivera and Sonsexh.;Port Rachael;199;175
527;Lewis PLCexh.;Hendrixview;283;406
528;Rodriguez-Pooleexh.;East Hunter;69;85
529;Collins PLCexh.;Pricemouth;229;464
530;Bradley-Garzaexh.;New Davidmouth;149;83
531;Scott-Martinezexh.;Port Jamiemouth;191;234
532;Walsh Groupexh.;Byrdview;115;207
533;Robinson, Rhodes and Hernandezexh.;Jonesstad;82;267
534;Burton-Hawkinsexh.;South Vanessahaven;195;464
535;Black Groupexh.;New Larrymouth;112;320
536;Potter, Harrell and Williamsexh.;Port Mariefurt;128;166
537;Munoz Incexh.;South Ashley;201;891
538;Johnson-Garciaexh.;New Amyhaven;160;901
539;Munoz Ltdexh.;Chanberg;239;751
540;Carpenter Ltdexh.;Younghaven;209;362
541;Lopez, Vasquez and Hawkinsexh.;Davisstad;240;344
542;Mayer Ltdexh.;Port Dawnburgh;293;795
543;Holloway-Leeexh.;Rothberg;105;295
544;Stone-Whiteexh.;Amandaland;134;75
545;Lynch, Murray and Stewartexh.;Fergusontown;116;147
546;Martinez, Martin and Rodriguezexh.;East Bonnieport;58;114
547;Lopez, Nelson and Wongexh.;South Samuel;242;326
548;Leonard-Petersonexh.;Robertsborough;234;796
549;Bryant-Rushexh.;Williammouth;268;122
550;Moore, Hurst and Perezexh.;South Stephanieland;80;472
551;Weaver LLCexh.;West Heather;293;241
552;Rollins Ltdexh.;Port Ethanchester;76;132
553;Johnson-Murphyexh.;Lake Nicole;170;457
554;Lopez-Gillexh.;Drakeborough;128;547
555;Caldwell, Lucas and Simmonsexh.;Charlenebury;197;931
556;Jackson, Deleon and Perezexh.;Jamesburgh;98;684
557;Odom-Robinsonexh.;Christopherview;217;743
558;May, Waller and Danielsexh.;Sheppardchester;261;487
559;Williams-Hodgesexh.;Lake Jasonport;272;697
560;Williams-Brownexh.;Port Cynthiabury;63;796
561;Mathews-Mullinsexh.;Lake Amandatown;179;479
562;Tucker Ltdexh.;Clarkmouth;218;858
563;Carrillo Ltdexh.;Janeview;293;897
564;Morales-Collinsexh.;Derrickton;104;975
565;Wilson LLCexh.;Lake Courtneytown;226;69
566;Armstrong, Sanchez and Williamsexh.;North Michael;70;954
567;Mcdonald-Howardexh.;West Shelly;144;694
568;Hartman PLCexh.;Snyderfort;263;898
569;Lewis-Snyderexh.;Smithchester;235;338
570;Reed Incexh.;East Anne;208;766
571;Smith, Peck and Johnstonexh.;Port Bobbyhaven;190;217
572;Warren, Parker and Kennedyexh.;North Michelle;200;205
573;Oliver Groupexh.;West Regina;241;751
574;Evans-Bradshawexh.;Lake Mason;68;262
575;Pitts PLCexh.;Melissaport;251;400
576;Reilly-Bryanexh.;Bobbyville;200;986
577;Wilson, Flores and Jonesexh.;Jenkinsmouth;277;406
578;Monroe Ltdexh.;Lake William;231;419
579;Ortega, Hill and Garciaexh.;Lake Kimberlyberg;71;801
580;Fox-Davidsonexh.;Boydport;292;651
581;Owens PLCexh.;Lopezmouth;60;483
582;Turner, Patton and Pattersonexh.;Stephanieburgh;294;874
583;Smith-Sotoexh.;East Logan;224;919
584;Wagner, Wang and Colemanexh.;Stephanieside;222;456
585;Miller-Griffinexh.;West Ashley;273;788
586;Roth, Nelson and Barnesexh.;Garnermouth;200;518
587;Singh Incexh.;North Justin;116;575
588;Munoz LLCexh.;Shawville;111;50
589;Giles, Simpson and Walterexh.;Andersonhaven;58;118
590;Blackwell-Garzaexh.;Lake Elizabeth;80;467
591;Smith, Owens and Westexh.;Lawrenceshire;85;851
592;May, Johnson and Snyderexh.;South Tina;153;919
593;Jensen and Sonsexh.;Gonzalezfort;275;583
594;Burns Ltdexh.;Suzanneborough;66;736
595;Sharp, Meyer and Guerreroexh.;New Sharon;296;788
596;Hess, Gaines and Dayexh.;Tonimouth;86;862
597;Smith Ltdexh.;South Nicholasport;300;636
598;Ayala and Sonsexh.;Laneport;140;294
599;Gould-Cortezexh.;New Angelamouth;207;373
600;Glass and Sonsexh.;Houstonborough;67;703
601;Hall, Pugh and Ponceexh.;East Davidfort;168;327
602;Ayers-Edwardsexh.;Lake Leslie;126;67
603;Powell-Youngexh.;West Lindseyberg;219;675
604;Knight, Coleman and Rochaexh.;Mirandahaven;211;691
605;Mayer-Whiteexh.;Franciscoburgh;218;777
606;Elliott, Dunn and Jonesexh.;Lake Matthew;109;13
607;Stewart Ltdexh.;Hubbardmouth;105;573
608;Campbell Ltdexh.;Lake Amberland;279;197
609;Clay-Bowenexh.;New Anthonybury;275;755
610;Jenkins LLCexh.;New Steveside;107;341
611;Campos, Roberts and Brownexh.;Chadmouth;114;4
612;Hudson Incexh.;Mayston;148;918
613;Graham-Lopezexh.;Walkertown;140;141
614;Robinson, Vazquez and Bishopexh.;Teresaton;84;436
615;Hayes PLCexh.;North Jacobmouth;154;314
616;Garrison-Reillyexh.;New Patrickside;141;282
617;Dyer LLCexh.;West Teresa;241;528
618;Palmer-Jonesexh.;Kevinfurt;181;178
619;Kelly-Howardexh.;New Tammy;275;157
620;Rodgers-Andrewsexh.;Lake Diamond;115;981
621;Avila Groupexh.;Vanessaborough;86;943
622;Reed, Hunt and Leeexh.;Andrewville;238;152
623;Riley LLCexh.;South John;190;587
624;Warner LLCexh.;Simstown;130;218
625;Williams Incexh.;Morrisontown;161;937
626;Pierce Ltdexh.;Lake Melindastad;203;797
627;Logan, Kirk and Lopezexh.;Port Alexanderstad;179;914
628;Glenn, Baldwin and Wileyexh.;Underwoodport;279;867
629;Stevens-Reyesexh.;Oliviashire;259;305
630;Brown, Fitzgerald and Romeroexh.;Brianborough;212;458
631;Jones-Careyexh.;Reedmouth;136;901
632;Mitchell-Taylorexh.;Taylorchester;159;636
633;Nicholson, Thornton and Popeexh.;New Garrettmouth;53;425
634;Fowler Groupexh.;New Jaymouth;140;437
635;Mitchell, Chan and Leeexh.;New Mary;122;673
636;Carlson-Diazexh.;East Amberfort;74;466
637;Stanley, Travis and Kaiserexh.;Lewismouth;196;990
638;Phillips, Reyes and Burtonexh.;Fordburgh;217;169
639;Stewart Groupexh.;Jackland;84;115
640;Marsh, Hill and Cruzexh.;North Tracy;233;130
641;Parrish PLCexh.;Melanieborough;144;748
642;Combs-Hernandezexh.;North Joshua;88;740
643;Henderson-Bartlettexh.;Mccallborough;87;790
644;Pham, Harvey and Brownexh.;Johnstonville;273;376
645;Armstrong, Matthews and Williamsexh.;West Ronaldtown;233;572
646;Gonzales, King and Rosarioexh.;Lucasburgh;103;23
647;Gonzalez-Hallexh.;Cookhaven;140;909
648;Lowe-Carrexh.;North Susan;164;655
649;Banks Incexh.;East Matthewbury;98;189
650;Clark-Crosbyexh.;Amandaland;229;496
651;Alexander Incexh.;Smithtown;117;368
652;Benton-Richardsexh.;Leechester;156;373
653;Campbell PLCexh.;Davidhaven;233;539
654;Davis-Nelsonexh.;Willisburgh;190;921
655;Martinez-Hayesexh.;Joshuabury;173;700
656;Pugh, Scott and Acostaexh.;Lake Carolview;105;779
657;Montoya-Nguyenexh.;Smallville;83;681
658;Shepherd, Hayden and Cantuexh.;New Mark;109;815
659;Baker and Sonsexh.;East Barbaraport;164;92
660;Stephens Incexh.;Kanemouth;55;464
661;Roman-Taylorexh.;East Laura;182;151
662;Nicholson LLCexh.;Kennethport;58;766
663;Ford-Linexh.;Doyleview;130;806
664;Warner, Perez and Smithexh.;Gregoryburgh;249;616
665;Peterson-Lawsonexh.;East Sheilaburgh;108;626
666;Carroll-Thompsonexh.;Andersonland;267;123
667;Jackson, Stewart and Williamsexh.;North Bethton;97;211
668;Scott-Buckleyexh.;Port Kelsey;52;197
669;Munoz, Johnson and Connerexh.;South Juan;296;395
670;Mcbride-Elliottexh.;Wallstad;69;59
671;Duran Incexh.;South Cynthia;187;710
672;Williams PLCexh.;Byrdhaven;198;680
673;Pierce, Reid and Bowmanexh.;Jessicabury;276;568
674;Wright-Wilsonexh.;Cervantesfurt;282;954
675;Cox-Wilsonexh.;North Stephanie;95;16
676;Gibson PLCexh.;South Tammymouth;137;884
677;Ferrell, Chase and Gloverexh.;New Jenniferfort;238;789
678;Jackson, Stewart and Barrexh.;Kleinstad;199;247
679;Deleon PLCexh.;Lake Heather;142;640
680;Holland, Oliver and Richexh.;Simsfurt;113;19
681;Osborn LLCexh.;Lake Ronald;92;781
682;Bowen, Williams and Pooleexh.;Conniefurt;53;425
683;Brown Incexh.;Riveramouth;245;435
684;Mccarty and Sonsexh.;Walkerland;118;400
685;White, Mullins and Hernandezexh.;Bethburgh;286;669
686;Miller, Scott and Munozexh.;West Kimberly;243;380
687;Leon-Hamiltonexh.;Gutierrezside;116;673
688;Hester, Schmitt and Reedexh.;Leonardfurt;239;51
689;Lyons-Fernandezexh.;South Albert;124;807
690;Perkins, Ibarra and Harrisexh.;Williamsborough;236;313
691;Kennedy Ltdexh.;West Cynthiamouth;289;305
692;Parsons-Wrightexh.;Garciaview;154;967
693;Thompson-Heathexh.;Timothystad;160;546
694;Powell-Santosexh.;Michaelmouth;145;964
695;Fisher LLCexh.;Irwinport;273;21
696;Jones, Herrera and Keithexh.;Garciaberg;221;451
697;Jacobs, Collins and Coxexh.;New William;298;681
698;Powers, Rodriguez and Gilbertexh.;Smithborough;154;523
699;Collins Ltdexh.;West Ronaldport;50;228
700;Jones PLCexh.;Lake Joseph;239;283
701;Sharp-Johnsonexh.;Parkerport;123;388
702;Robbins PLCexh.;Baileyhaven;113;541
703;Simpson-Singhexh.;Lake Victoria;82;153
704;Martinez-Velasquezexh.;Lake James;138;310
705;Kelley-Walshexh.;Melaniebury;193;638
706;Valenzuela, Santana and Lloydexh.;Martinmouth;104;863
707;Davis, Rodriguez and Williamsexh.;Port Melanieside;93;891
708;Alexander-Greenexh.;Brittanyfurt;210;521
709;Woods-Hollowayexh.;Lake Kirstenberg;132;509
710;Rodriguez, Morales and Blakeexh.;West Robertstad;196;73
711;Eaton, Sullivan and Perezexh.;New Meredith;135;325
712;Perez PLCexh.;South Nicholashaven;298;648
713;Vaughan Ltdexh.;Darrylhaven;206;391
714;Howard PLCexh.;Thompsonport;272;155
715;Clark, Anderson and Davisexh.;South Daniel;107;35
716;King Incexh.;East Ernestberg;157;210
717;Wood Ltdexh.;North Carriemouth;180;129
718;Charles-Greeneexh.;North Lisa;196;705
719;Wilson PLCexh.;East Dawnborough;300;331
720;Garza and Sonsexh.;Lopezberg;113;826
721;Rodriguez, Horton and Littleexh.;Christianmouth;213;312
722;Ward and Sonsexh.;Fowlerberg;233;549
723;Brown Incexh.;Donaldsonstad;117;646
724;Saunders, Tate and Priceexh.;Joshuaberg;105;31
725;Chandler-Myersexh.;West Beth;220;233
726;Callahan, Smith and Bryanexh.;South Andrew;283;909
727;Wolfe-Kimexh.;Dennisside;116;623
728;Anderson Groupexh.;New Nancymouth;287;815
729;Martinez, Fleming and Kelleyexh.;Ashleyton;284;780
730;Mitchell, White and Vazquezexh.;Willistown;279;184
731;Smith, Russell and Carterexh.;Mcbridechester;101;739
732;Harris-Royexh.;Port Thomas;243;373
733;Dudley, Stevens and Mendezexh.;South Jesse;181;449
734;Schneider, Powers and Torresexh.;New Janetland;227;837
735;Ellis, Pearson and Bondexh.;Bushmouth;71;220
736;Johnson LLCexh.;Kimberlybury;99;955
737;Brooks PLCexh.;West Sharonfort;61;366
738;Davidson-Wolfexh.;North Brandon;139;210
739;Porter-Mcdonaldexh.;Port Michael;203;491
740;Berry, Thompson and Taylorexh.;Lake Angelaton;116;190
741;Malone-Smithexh.;South Jennifer;105;326
742;Meyer-Daviesexh.;Port Brendahaven;295;273
743;Nelson, Bailey and Coxexh.;North Kelly;289;641
744;Lee-Blanchardexh.;North Danielle;176;574
745;Monroe PLCexh.;Christopherbury;167;377
746;Cox-Morganexh.;Lake Rebecca;86;153
747;Hunt-Clarkeexh.;Lake Mary;246;562
748;Adkins Incexh.;Millerberg;158;355
749;Joseph-Matthewsexh.;West Travis;214;342
750;Moore, King and Rangelexh.;Rosstown;299;678
751;Dunlap Groupexh.;Lake Carolville;246;211
752;Weaver PLCexh.;Leland;249;772
753;West Incexh.;North Randalltown;75;611
754;Grimes-Royexh.;Paulaborough;75;879
755;Schultz-Richardsonexh.;East Corey;70;650
756;Cunningham, Kelly and Hutchinsonexh.;South Julia;125;453
757;Santiago-Acostaexh.;South Joelburgh;63;60
758;Maxwell, Fernandez and Newtonexh.;North Timothymouth;251;633
759;Stewart and Sonsexh.;East Laurenmouth;85;998
760;Yoder-Cooperexh.;West Williamchester;176;279
761;Rivera and Sonsexh.;North Michael;257;927
762;Bates Ltdexh.;West Sandrahaven;148;218
763;Santos and Sonsexh.;West Carl;89;272
764;Taylor Incexh.;Mayschester;183;4
765;Davis, Hall and Gutierrezexh.;South Luis;288;370
766;Mclaughlin LLCexh.;Lake Jamesland;220;95
767;Craig, Jarvis and Hernandezexh.;Haleton;300;595
768;Smith, Hammond and Cobbexh.;Melindaside;69;775
769;Green-Kellerexh.;South Chad;229;599
770;Perkins Incexh.;Nancytown;252;787
771;Perez, Nash and Hoganexh.;New Matthew;285;692
772;Lewis Incexh.;Wayneside;196;696
773;Herring LLCexh.;South David;292;994
774;Garcia-Wardexh.;Lake Andrew;161;632
775;Wood-Chavezexh.;Lake Bridgetville;77;719
776;Thomas, Thompson and Smithexh.;Saraville;187;545
777;Perez, Dorsey and Johnsonexh.;East James;119;79
778;Harris-Campbellexh.;Reneeland;235;774
779;Lee-Johnsonexh.;Lake Aliciamouth;164;591
780;Garrett LLCexh.;Lake Jennifer;92;261
781;Stevens, Moran and Scottexh.;New Donald;175;748
782;Keller, Walker and Calhounexh.;Port Billytown;276;906
783;Garcia-Burnettexh.;South Aaronview;292;101
784;Willis Groupexh.;Kimberlyton;168;212
785;Jackson-Dominguezexh.;New Katherineville;124;624
786;Esparza, Fisher and Garzaexh.;Michelleshire;60;765
787;Adams, Fields and Rogersexh.;Tuckershire;236;13
788;Carlson, Carter and Mooreexh.;Perryborough;100;258
789;Yoder-Jacksonexh.;West Rachel;103;535
790;Gardner Incexh.;Ayersside;220;846
791;Flores Groupexh.;Denisemouth;264;833
792;Hebert, Hunter and Normanexh.;Emilybury;116;786
793;Parrish, Howard and Larsonexh.;New Edwinville;216;790
794;Freeman and Sonsexh.;Corteztown;260;733
795;Robles, Hart and Beckerexh.;Andrewview;82;800
796;Russell PLCexh.;West Josephborough;109;100
797;Pierce Incexh.;Petersonmouth;50;932
798;Leonard, Lyons and Maloneexh.;Johnsonborough;159;625
799;Dalton, Jones and Foleyexh.;Bookerview;182;655
800;Solomon-Lucasexh.;Markburgh;272;610
801;Phillips, Brown and Kellyexh.;East Caseymouth;299;129
802;Brown-Whiteexh.;Johnsonfurt;125;204
803;Gonzales, Sweeney and Parkexh.;Port Kylemouth;218;878
804;Ellis, Adams and Harrisonexh.;Taylormouth;262;700
805;Davis and Sonsexh.;West Nicoleside;155;528
806;Palmer, Rodriguez and Robinsonexh.;Port Lisafurt;153;708
807;Campbell-Bradleyexh.;Lake Kellychester;283;450
808;Howard-Rodriguezexh.;North Jessica;295;99
809;Williams-Jacksonexh.;North Hannahhaven;243;585
810;Webb-Leeexh.;East Gregory;254;630
811;Miller-Johnsonexh.;West Emily;190;789
812;Vasquez PLCexh.;West Emilymouth;238;954
813;Bradley-Blankenshipexh.;South Scott;112;906
814;Walker PLCexh.;Morrisshire;188;843
815;Meadows-Estradaexh.;Hartmouth;185;676
816;Phelps and Sonsexh.;New Victoriaborough;251;452
817;Gonzalez-Guzmanexh.;New Josephhaven;57;783
818;Brown PLCexh.;West Cassidyton;214;709
819;Phillips Incexh.;Nelsontown;111;373
820;Phillips, Shaw and Rochaexh.;New Yolandaton;66;257
821;Ramsey, Spencer and Robinsonexh.;South Andrewberg;295;496
822;Garza-Jonesexh.;Hunterfort;188;368
823;Adkins, Palmer and Snyderexh.;Emmaside;171;110
824;Ward PLCexh.;Davidburgh;120;407
825;Williams, Torres and Doughertyexh.;Port Peterside;274;665
826;Jackson, Simpson and Kellyexh.;North Jessicaland;179;450
827;Shields-Whiteexh.;Port Taylormouth;137;681
828;Obrien-Gonzalesexh.;Gonzalezshire;297;217
829;Hudson, Abbott and Atkinsexh.;West Ashleyhaven;164;970
830;Baker, Horn and Hansenexh.;Fosterton;135;378
831;Cordova Ltdexh.;Burnsfort;231;38
832;Leonard Incexh.;Woodberg;196;647
833;Kim and Sonsexh.;New Lisa;229;248
834;Wilson-Sanchezexh.;Port Willie;56;85
835;Williams LLCexh.;West Sergioland;268;242
836;Marsh-Watkinsexh.;Derrickfurt;239;738
837;Charles-Thomasexh.;Hamiltonport;77;778
838;Stevens LLCexh.;New Michael;211;648
839;Stanley-Beanexh.;Lynchside;161;732
840;Mueller-Kelleyexh.;Osborneland;78;302
841;Haynes, Perry and Alexanderexh.;Parksview;279;984
842;Roth-Welchexh.;Schaefermouth;207;834
843;Phillips, Lewis and Rogersexh.;Port Cody;240;841
844;Chen-Hallexh.;New Makayla;220;932
845;Brown, Marsh and Bishopexh.;Brownville;257;835
846;Boyd-Riveraexh.;Blevinshaven;261;816
847;Sanchez-Fullerexh.;Frankside;87;257
848;Palmer, Thompson and Onealexh.;Nicoleshire;133;273
849;Brown, Lee and Grayexh.;New Julie;86;272
850;Daniels-Jacobsexh.;New Josephburgh;138;381
851;Brown-Sparksexh.;West Janetland;132;212
852;Cole-Nelsonexh.;Lake Carol;157;316
853;Rice, Lowe and Fuentesexh.;South Kristi;80;45
854;Carter, Johnson and Roseexh.;West Rickside;181;343
855;Graves Incexh.;East Morganstad;221;47
856;Powell-Riveraexh.;Annettebury;194;157
857;Riggs LLCexh.;Nathantown;123;566
858;Jones, Williams and Harmonexh.;South Jimmyside;188;27
859;Snyder-Tuckerexh.;Samanthafurt;250;996
860;Gutierrez, Collins and Georgeexh.;Robertmouth;53;251
861;Ramsey, Henderson and Meyerexh.;Longberg;239;885
862;Choi and Sonsexh.;North Robert;78;71
863;Shaw, Russell and Smallexh.;Kimtown;85;472
864;Lee LLCexh.;North Michelle;59;261
865;Gonzales PLCexh.;Lake Shawn;252;725
866;Fuller-Penaexh.;North Heatherburgh;241;985
867;Berg Ltdexh.;Smithland;168;653
868;Gilbert, Chase and Beasleyexh.;Haleyfort;192;57
869;Miller, Wang and Wallaceexh.;Lake Kelsey;174;214
870;Cannon Groupexh.;Jenniferbury;165;280
871;Baker, Hudson and Comptonexh.;Allisonville;300;596
872;Moore, Hodge and Perkinsexh.;South Mark;150;725
873;Brown-Davidsonexh.;Hornberg;222;596
874;Jones, Gibson and Thomasexh.;Johnnyfort;74;888
875;Barnes, Lee and Villarrealexh.;North Jamie;279;231
876;Hurst, Miller and Riceexh.;North Joseph;65;393
877;Matthews-Martinexh.;Derekbury;115;208
878;Garcia, Matthews and Hallexh.;Marymouth;266;205
879;Mccoy Ltdexh.;Reeseburgh;155;731
880;Martinez-Wheelerexh.;Port Jeff;202;347
881;Jenkins-Cooperexh.;North Roy;246;359
882;Mathews Groupexh.;Pricemouth;60;607
883;Smith, Mendoza and Hernandezexh.;South Terriburgh;161;118
884;Rubio-Clineexh.;Jonathantown;58;234
885;Thomas, Rivera and Pooleexh.;Markburgh;154;612
886;Tran, King and Hubbardexh.;Brianmouth;84;250
887;Oconnell-Martinezexh.;Port Danielburgh;77;967
888;Richards-Wrightexh.;Karenfurt;57;311
889;Daniel-Copelandexh.;South Michele;176;878
890;Mcdonald, Price and Phillipsexh.;Andersontown;92;500
891;Guerrero-Greenexh.;New Ashley;99;799
892;Kramer Ltdexh.;New Felicialand;257;131
893;Jackson Incexh.;South Robert;174;540
894;Ward-Morrisexh.;South Brentbury;60;750
895;Le and Sonsexh.;West Tylerfort;271;906
896;Blake-Dayexh.;Karahaven;242;830
897;Russo, Benton and Ellisonexh.;West Carolyn;127;981
898;Tate-Ramosexh.;Lake Amandaview;236;4
899;Garcia, Ellis and Chaseexh.;West Courtneyport;108;77
900;Jordan Groupexh.;Mossberg;201;947
901;Juarez Ltdexh.;Port Annettemouth;57;438
902;Mahoney-Wilkinsexh.;West Theresa;271;805
903;Armstrong-Perezexh.;West Lanceton;129;400
904;Reyes, Salas and Barnesexh.;Hallville;108;242
905;Nelson-Cruzexh.;New Steventown;66;115
906;Jones-Cooperexh.;Roseburgh;269;229
907;Arroyo, Everett and Gonzalezexh.;Port Riley;294;471
908;Gross, Dalton and Hernandezexh.;Ronaldview;106;641
909;Williams-Gonzalezexh.;Lake Amy;190;747
910;Martin, Saunders and Carrexh.;Kellyberg;99;835
911;Brown, Parks and Mccannexh.;New Jeremyview;182;544
912;Martin-Williamsexh.;West Melanieborough;140;227
913;Torres, Jackson and Greenexh.;New Timothyville;214;395
914;Mahoney-Linexh.;Halefurt;89;77
915;Williams Groupexh.;Nicoleport;110;549
916;Shaw Incexh.;Rayburgh;112;896
917;Cooper and Sonsexh.;Murphyshire;290;180
918;Mathews-Gibsonexh.;North Robertbury;121;171
919;Galvan and Sonsexh.;Vanessafort;200;146
920;Garrett and Sonsexh.;Mathismouth;280;245
921;Jackson-Mcdanielexh.;Port Heatherville;224;53
922;Vaughan-Hayesexh.;Johnton;102;366
923;Mercer, Collins and Blakeexh.;South Rebecca;126;688
924;Pierce Incexh.;North Sherri;228;396
925;Baker LLCexh.;Lake Scott;172;405
926;Walsh Ltdexh.;West Katieshire;89;584
927;Adams and Sonsexh.;New Jason;195;718
928;Powell-Harrellexh.;North Matthewbury;228;836
929;Noble-Marshexh.;East Brett;171;838
930;Davis LLCexh.;Brayburgh;78;429
931;Allen-Gutierrezexh.;South Adrienne;216;869
932;Nixon Ltdexh.;New Samuel;214;273
933;Johnson-Henryexh.;South Trevorland;202;488
934;Edwards and Sonsexh.;Jamieburgh;177;102
935;Hawkins Ltdexh.;East Jennifer;137;311
936;Daniels-Grayexh.;Keithton;104;277
937;Harris, Meyers and Simsexh.;Staceyside;273;523
938;Klein-Allenexh.;Jacksonside;130;312
939;Warren-Duranexh.;East Mark;238;998
940;Carroll, Monroe and Perryexh.;West Jeffrey;191;63
941;Cruz-Castilloexh.;Hernandezhaven;136;211
942;Richardson Incexh.;Port Jennaland;74;565
943;Sampson LLCexh.;New Mary;297;186
944;Rodriguez, Walker and Reedexh.;West Meganfort;279;557
945;Gaines, Bailey and Hillexh.;Scottmouth;233;984
946;Simmons-Millerexh.;Scottport;288;405
947;Gutierrez, Nelson and Blackburnexh.;North Kellymouth;214;967
948;Cunningham and Sonsexh.;West Juliafort;243;464
949;Adams Incexh.;North Hannah;217;98
950;Rodriguez LLCexh.;Mooremouth;260;405
951;Bradford, Trevino and Medinaexh.;East Jeremyport;283;302
952;Cochran-Georgeexh.;Lake Henry;57;855
953;Briggs, Anderson and Brownexh.;Grayville;268;627
954;Young, Kline and Gordonexh.;Christinamouth;219;22
955;Coleman, Nielsen and Lambertexh.;Josephmouth;120;769
956;Alexander and Sonsexh.;West Paul;225;780
957;Sanchez-Thomasexh.;West Brandi;146;498
958;Nolan, Thomas and Martinezexh.;New Jacquelineburgh;251;966
959;Holder, Brock and Adamsexh.;East Eric;245;732
960;Williams Incexh.;Geraldville;167;316
961;Mcknight-Kingexh.;Marqueztown;284;121
962;Mcknight-Hernandezexh.;Cherryside;273;505
963;Robinson, Hester and Holtexh.;Bakerhaven;280;987
964;Jenkins, Palmer and Porterexh.;Jamesfort;274;491
965;Roberts, Walsh and Hensonexh.;Port James;299;349
966;Jackson-Hamptonexh.;West Elizabethport;161;475
967;Sanders, Stevenson and Dickersonexh.;Lake Michaelberg;100;217
968;Vasquez PLCexh.;East Jennifer;59;760
969;Callahan PLCexh.;Lake Diane;218;143
970;Brown and Sonsexh.;South Jeffrey;177;565
971;Johnson, Smith and Hamiltonexh.;Patricktown;295;731
972;Gonzales-Hallexh.;Port Christopher;66;764
973;Benjamin, Williams and Turnerexh.;Gonzalezhaven;203;918
974;Richard-Parrishexh.;North Russell;79;245
975;Townsend-Nixonexh.;Crystalchester;176;7
976;Wilson, Arias and Leeexh.;Julieland;260;340
977;Jones Groupexh.;Williammouth;179;140
978;Carter-Riveraexh.;West Leslie;146;488
979;Vargas-Thomasexh.;Payneborough;166;520
980;Carter, Palmer and Smithexh.;Douglasland;152;575
981;Crosby-Larsenexh.;Emilybury;210;253
982;Stone LLCexh.;South Jacobfort;91;237
983;Riley and Sonsexh.;Jesustown;269;804
984;Evans-Reynoldsexh.;Lake Tinabury;107;102
985;Johnston-Wernerexh.;Raymondtown;94;576
986;Gutierrez-Cruzexh.;Port Brittany;294;733
987;Robinson Ltdexh.;Fisherburgh;124;728
988;Bradley-Russellexh.;Carlaview;275;68
989;Vaughn Groupexh.;North Dawnside;52;686
990;Davis, Larson and Curtisexh.;North Kelly;297;991
991;Hernandez, Bennett and Hicksexh.;Stephanieland;93;516
992;Humphrey-Skinnerexh.;Brownborough;164;822
993;Ryan-Johnsonexh.;Lake Linda;250;238
994;Walker-Millerexh.;East Johnny;233;831
995;Anderson-Morseexh.;Esteston;69;95
996;Bishop LLCexh.;South Elizabethmouth;62;914
997;Alexander-Schneiderexh.;Davidland;120;671
998;Rivers PLCexh.;Deannafort;273;79
999;Adams Incexh.;Griffinborough;169;50
1000;Garcia Groupexh.;Shawntown;256;32
