1;Brown, Sherman and Villanueva;New Timothy
2;Smith, Martin and Anderson;New Latoyaview
3;Grant Group;East Joshua
4;Price-Haynes;Port Aprilland
5;Castro Group;East Marc
6;Rivera, Farmer and Adams;Samanthafort
7;Freeman LLC;East Molly
8;Rich and Sons;South Kristen
9;Richard-Gardner;Figueroastad
10;Bates Ltd;New Melissa
11;Cummings Inc;West Victorhaven
12;Mendoza, Reed and Bennett;Christopherside
13;Sosa Ltd;Port Scott
14;Davies-Hartman;North Tylerhaven
15;Snow-Henderson;South Kathleen
16;Daniel, Lester and Wilson;Lake Kenneth
17;Payne LLC;New Manuel
18;Johnston, Price and Morris;Wilsonshire
19;Osborne-Cruz;Kristinhaven
20;Richardson LLC;Gutierrezstad
21;Norris-Greene;Port Jeffreyberg
22;Nguyen-Pham;North Davidville
23;Washington-Stewart;Wendystad
24;Green-Valencia;Cynthiaside
25;Johnson-Baird;Drakeside
26;Berry Ltd;New Moniqueberg
27;Meyer-White;Taylorhaven
28;Carpenter-Robinson;Tinachester
29;Bennett Ltd;West Adrienne
30;Foster-Jones;Bowersstad
31;Ortiz Ltd;Coleburgh
32;White Group;New Karenberg
33;Sharp-Hernandez;Lake Mariefort
34;Leonard-Weiss;Simmonsville
35;Hatfield, Phillips and Mcdonald;Bauerhaven
36;Nunez, Harding and Ramirez;Port Samuel
37;Fritz, Chambers and Vaughn;Port Scott
38;Mcdonald-Roberts;Thompsonberg
39;Colon, Anthony and Travis;South Jon
40;Alvarez LLC;Lake Jeffreymouth
41;Anderson-David;East Frank
42;Burch, Hughes and Holland;Edwardsborough
43;Johnson, Long and Michael;Williamsfurt
44;Beck-Stephens;Marybury
45;Coffey-Diaz;Mejiafort
46;Perkins PLC;Jennaview
47;Black PLC;Braunville
48;Villanueva Inc;Port John
49;Lee LLC;Emilyville
50;Miller-Nash;New Elizabeth
51;Donovan, Simon and Fuentes;Port Mariaborough
52;Nelson, Williams and Schultz;Kristychester
53;Campbell Inc;Deborahmouth
54;Perry, Harris and Wilson;Lake Richard
55;Bennett, Hall and Lee;South Karenstad
56;Olson PLC;Lake Michael
57;Hicks Group;North Justinville
58;Bentley-Hill;Timothyshire
59;Roman LLC;Lake Bethshire
60;Holloway-Brown;Lake Deborah
61;Ramirez, Hicks and Stewart;Coleton
62;Bennett Inc;Phillipshaven
63;Orr, Reed and Bond;Wilkinsonmouth
64;Carter-Harding;Thomastown
65;Lopez, Myers and Hicks;West Michaelborough
66;Knox-Hopkins;Jenkinsberg
67;Frederick-Turner;Jonesport
68;Johnson-Smith;Patrickport
69;Logan PLC;Stephensshire
70;Anderson, Mendoza and Wright;Port Erica
71;Mills, Brown and Hatfield;Lake Julie
72;Alexander Ltd;Maxburgh
73;Green-Wheeler;South Ryan
74;Solis-Christensen;Scottton
75;Rivera-Martinez;North Robert
76;Hoffman, Wilkins and Murray;Port Kristinmouth
77;Lee-Chambers;Lake Nathanielmouth
78;Robinson, Wright and Figueroa;Perezport
79;Stevenson PLC;West Amy
80;Stevens-Thompson;Katherinehaven
81;Nguyen, Deleon and Pope;Johnborough
82;Patterson Group;Howardmouth
83;Scott Inc;Sarachester
84;Smith and Sons;East Garymouth
85;Thompson, Lynch and Lyons;Youngchester
86;Ballard, Rosales and Hayes;Port Davidmouth
87;Harris and Sons;Brownmouth
88;Hanson, Green and Orozco;Valdezland
89;Martinez LLC;Harrellfurt
90;Smith, Webb and Perkins;Lydiabury
91;Carter Group;Phillipsport
92;Martinez, Vaughn and Perez;New Leonard
93;Lyons-Cummings;Lake Rebeccaburgh
94;Taylor PLC;Gregorychester
95;Farley PLC;East Luke
96;Kennedy-Sparks;Lake Christineland
97;Mayer Inc;East Staceybury
98;Davidson-Aguilar;Danielstad
99;Butler-Sampson;Espinozaberg
100;Bauer-Butler;New Josephport
101;Chandler, Steele and Hall;Parkville
102;Santiago-Mcintyre;Port Josephmouth
103;Hayes, Monroe and Pierce;Ramosmouth
104;Santos Group;Stanleyborough
105;Cooper, Ferguson and Ford;Lopezshire
106;Crawford Ltd;Chavezland
107;Small PLC;South Michaelfort
108;Walker, Montes and Martinez;East Curtis
109;Davenport and Sons;New Michael
110;Gray, Rodriguez and Solis;East Donnamouth
111;Hampton, Carrillo and Oliver;Amberborough
112;Jones PLC;Finleyshire
113;Solis-Fisher;New Kellyport
114;Armstrong, George and Anthony;South Christian
115;Davis Inc;Johnsonfurt
116;Thompson PLC;Jonesmouth
117;Padilla PLC;Tomberg
118;Terrell, Solis and Brown;Kellerville
119;Smith, Freeman and Garner;South Laura
120;Murray-Gonzalez;Allenberg
121;Gutierrez-Powell;Rebeccastad
122;Collins Group;Port Bobby
123;Buckley, Pierce and Grant;Stevenmouth
124;Thomas, Pratt and Ray;East Annton
125;Reed, Edwards and Carney;Snowton
126;Burke, Lopez and Simpson;Kaitlinhaven
127;Martinez Ltd;Port Sydneystad
128;Arnold, Miller and Smith;Quinnview
129;Grant PLC;Annland
130;Caldwell Group;North Kelseyside
131;Oconnor, Rhodes and Love;East Biancaside
132;Torres-Martin;Oconnorshire
133;Hill, Rodriguez and Thompson;South Philipberg
134;Benton Ltd;New Scottburgh
135;Morgan-Sandoval;Ericamouth
136;Taylor, Dawson and Thomas;Makaylaburgh
137;Huff-Kirby;New Cesar
138;Butler Ltd;Lake Carmen
139;Berg-Miller;Cooperside
140;Parker, Johnson and Dalton;South Emilyshire
141;Greene, Villa and Williams;Port Traci
142;Schwartz-Walker;Gayshire
143;Norris LLC;Port Kelseybury
144;David, Smith and Adams;New Richardburgh
145;Lee, Johnston and Russell;Brookschester
146;Boyd Ltd;Jennifertown
147;Howard, Davis and Williams;Alvarezchester
148;Yang Group;Annaburgh
149;Carter Group;New Benjaminhaven
150;Nichols, Ortega and Roberson;Mcknightville
151;Cole, Ross and Haas;Pinedashire
152;Fitzgerald-Davenport;South Jason
153;Moore Ltd;Stevenmouth
154;Brown Group;West Briannaview
155;Lowe, Mendoza and Cain;South Sean
156;Bowers-Kelly;East Katherine
157;Reynolds-Mccarty;North Robertton
158;Andersen-Oconnor;North Nicholas
159;George, Richardson and Reed;North Veronicachester
160;Duffy-Bean;Robynville
161;Gomez, Hardy and Yu;West Jillchester
162;Sanchez-Evans;Garciafurt
163;Brown-Jordan;Hallland
164;Trevino, Barnes and Hooper;West Amandaberg
165;Medina PLC;West Andrew
166;Davis-Scott;East Chad
167;Martin-Cox;Port Stacyport
168;Long, Powers and Mcdonald;East Sherryfort
169;Hoffman, Avila and Sandoval;Michaelfurt
170;Mason, Ramos and Barber;Derekberg
171;Reese-Melendez;North Christine
172;Davis, Gillespie and Brady;Port Georgeport
173;Johnson, Pham and Harris;Allenton
174;Cox Inc;North Kennethmouth
175;Tran Group;Taratown
176;Thomas, Pruitt and Norton;Alexandriaview
177;Robinson-Morrison;Port Kimberlyfurt
178;Davis Group;Port Normatown
179;Perez-Stewart;Stevensfort
180;Rose-Lee;Mariahton
181;Walls-Stanley;Lake Sarah
182;Bishop-Goodwin;North Walter
183;Campbell, Edwards and Webb;Lake Davidberg
184;Rivera and Sons;Coxstad
185;Berry-Hayes;Jessicaborough
186;Chambers-Williams;Ramosberg
187;Park, Lewis and West;Lake Ericfort
188;Carter LLC;Port Michael
189;Bell LLC;Thompsonview
190;Smith PLC;Arielfort
191;Barajas-Morales;Carolfort
192;Hess-Jones;Libury
193;Jimenez-Garcia;New Alyssa
194;Smith Inc;West Christopher
195;Mcdowell Ltd;West Williambury
196;Gray-Miles;East Whitneyborough
197;Lopez, Huynh and Butler;Davilahaven
198;Sanchez, Hoffman and Garcia;Brownside
199;Bell, Lewis and Jones;Port Amyville
200;Greene LLC;North Patriciatown
201;Doyle, Marshall and Brown;Port Jordanmouth
202;Wilson, Welch and Wright;Butlerburgh
203;Quinn, Wood and Jenkins;North Steven
204;Walker, Myers and Lopez;Edwardstad
205;Gentry and Sons;Dawsonshire
206;Kramer, Smith and Smith;Rodneyton
207;Reynolds, Rogers and Vaughan;North Katelyn
208;Reynolds Inc;Clayside
209;Salas-Black;Anthonymouth
210;Tate, Garza and Dougherty;Lake Francis
211;Moore, Jackson and Gonzalez;North William
212;Goodman-Alvarez;Navarroville
213;Warren, Carpenter and Ayers;Allenberg
214;Diaz Inc;Ricemouth
215;Myers and Sons;Nelsonside
216;Miller, George and White;Hurleyton
217;White Group;Barnesmouth
218;Meyers Group;Port Allisonview
219;Nelson Ltd;Kristinaville
220;Banks and Sons;Rebeccaview
221;Henry, Brown and Phillips;Pattersontown
222;Hernandez-Burton;Petersonberg
223;Vasquez Ltd;North Alexandraborough
224;Griffin-Gaines;New Kevin
225;Kelly Inc;Lindseyfort
226;Riley-Rivera;South Victor
227;Long Inc;Thomastown
228;Scott-Warren;Wilsonview
229;Haynes-Wright;North Emily
230;Le, Lyons and Torres;North Kendrahaven
231;Boyer Inc;West Sarah
232;Garcia LLC;Mariaberg
233;Charles Inc;West Sandraburgh
234;White-Elliott;Lake Lisaborough
235;Bradley Inc;Lucaschester
236;Ramirez and Sons;Williamsfort
237;Guzman-Shea;Davisborough
238;Myers Group;South Mitchellport
239;Francis-Clark;Jenniferberg
240;Davenport-Jackson;Oconnellburgh
241;Brown, Lucas and Gomez;Holmesport
242;Davis-Mckee;East Joanneburgh
243;Fowler-Gilmore;East Cynthiaberg
244;Davenport PLC;Lake Daniel
245;Blackwell, Mcconnell and Jones;Jodibury
246;Adams Inc;Port Jeffreyton
247;Adams-Ingram;Stevenshaven
248;Wilcox and Sons;South Tiffanyville
249;Day, Hampton and Cook;Port Victoriaview
250;Valentine-Ibarra;North Molly
251;Smith, Rivers and Rodriguez;East Travis
252;Blair, Thompson and Day;South Kristen
253;Wright Ltd;West Ashleyton
254;Lawrence PLC;Munozfort
255;Yates, Huang and Lara;Lake Derekport
256;Hoover-Schmidt;Carolport
257;Adkins-Wright;Hendricksberg
258;Williams-Collins;Port Robertland
259;Young Group;Savannahport
260;Miller, Rodriguez and Burton;West Gilbert
261;Johnson-Davenport;Crystalville
262;Wells, Harrell and Hutchinson;Port Dawn
263;Thompson, Boyd and Howell;North Ashley
264;Gordon and Sons;Port Douglas
265;Gregory, Lee and Cox;Lauramouth
266;Dean, Leon and Ortiz;South Christopher
267;Woods PLC;Christophermouth
268;Wilkins Inc;South Robertbury
269;Woodard-Fox;Campbellhaven
270;Rose LLC;West Monicachester
271;Wallace Inc;Katherineport
272;Porter, Lopez and Young;Simonmouth
273;Hamilton-Blankenship;South Jasmineville
274;Sellers-Myers;Jeffreystad
275;Allen, Church and Cline;Lake Austin
276;Crawford, Herrera and Christian;Lake Danielshire
277;Mayo PLC;Penaborough
278;Cruz-Ross;West Aaronborough
279;Ross-Hawkins;Port Masonland
280;King LLC;Melissaborough
281;Jones, Fernandez and Hughes;Wilkinsberg
282;Payne-Andrews;Port Amandamouth
283;Mcgrath, Williams and Carter;Jesseland
284;Jones Ltd;Bradleyshire
285;Young, Bowers and Dodson;Jonathanport
286;Chase and Sons;Justinside
287;Stevens-Smith;Scottfort
288;Chandler-Kirby;East Christinefort
289;Lucas-Price;West Jesse
290;Bradley, Lozano and Forbes;Huynhfort
291;Johnson Ltd;Lopezhaven
292;Mitchell, Nelson and Pace;Masonview
293;Mcgee LLC;East Christopherburgh
294;Henderson-Hester;Edwardsstad
295;Fowler, Snyder and Obrien;East Michelle
296;Austin, Decker and Nixon;Johnnytown
297;Andrews LLC;Port Robert
298;Sims, Mayer and Vazquez;Marshallhaven
299;Brown, Carey and Duarte;Campbellport
300;Randolph, Mccarty and Vargas;South Juliefurt
301;Nunez-Haynes;East Paulaville
302;Walters, Vaughn and Murphy;Lake Jacob
303;Price, Thomas and Beck;Fisherburgh
304;Solomon, Martin and Brown;Melanieville
305;Blair-Williams;Molinabury
306;Edwards, Barrett and Ochoa;Watersview
307;Evans, Khan and Delacruz;Karlhaven
308;Carter PLC;Lorettahaven
309;Stevenson PLC;Wellsborough
310;Moore, Spears and Lee;Hermanberg
311;Williams LLC;Lake Sherry
312;Mayo, Bryant and Young;Millerport
313;Moore LLC;Whitemouth
314;Hardy and Sons;Lake Tanyahaven
315;Mccoy-Flores;South Christopher
316;Moran-Beck;North Alexandraview
317;Lopez and Sons;West Chris
318;Wilson, Sweeney and Davis;New Michael
319;Garcia-Kaufman;Port Rebecca
320;Dean Group;West Angelica
321;Haynes-Rogers;Jonathanbury
322;Johnson Ltd;East Richard
323;Riley, Thomas and Harris;South Michael
324;Herrera, Norris and Harris;West Joshua
325;Strickland, Campbell and Sanchez;Williamsburgh
326;Leonard-Trevino;Lake Chelsea
327;Friedman Inc;East Joyceshire
328;Johnson, Stevens and Griffin;Kelseyborough
329;Cortez Inc;Mackfurt
330;Wilson and Sons;Shawchester
331;Gibson Group;New Melissaside
332;Mcconnell-Torres;Whiteberg
333;Cole PLC;Cooperfurt
334;Molina, Valenzuela and Gomez;Beardburgh
335;Jackson, Lopez and Lawrence;Kinghaven
336;Lee-Perkins;Fordhaven
337;Brown, Fisher and Garcia;New Russell
338;Miller-Sweeney;South Ericamouth
339;Haas LLC;Joseburgh
340;Vazquez Inc;Lake Ann
341;Lopez-Keller;West Crystalport
342;Patel-Williams;Laurenborough
343;Chavez, Bautista and Morrison;East Andre
344;Sloan-Hoover;East Emily
345;Lawrence-Ward;Williamchester
346;Fischer Group;New James
347;Welch Group;Lisamouth
348;Lee, Sullivan and Calderon;Tracyside
349;Costa, Rodriguez and Obrien;Matthewshire
350;Baker Group;Wilsonbury
351;Jackson-Black;Wilsonport
352;Adams-Park;Port Andrea
353;Maxwell-Thompson;Thomasbury
354;Henderson LLC;Port Michelle
355;Dawson PLC;Thomasstad
356;Garrett, Harris and Costa;Morrisbury
357;Cruz-Murphy;South Sarahstad
358;Long, Henderson and Larson;Scottstad
359;Brown-Scott;Lisafurt
360;Avery-Spencer;East Wesleychester
361;Palmer Ltd;Lake Leslie
362;Howard Inc;East Kevinton
363;Ryan-Olson;Trevorfurt
364;Little-Doyle;Lindseymouth
365;Sanchez-Knox;Harrisfort
366;Wilkins Group;Campbellstad
367;Cantu-Logan;Maryfort
368;Smith, Burns and Welch;Markborough
369;Curtis-Stewart;Jameschester
370;Hoffman Ltd;Jameshaven
371;Faulkner and Sons;Averyside
372;Castillo-Simmons;West Heather
373;King and Sons;West William
374;Spencer Ltd;South Charlesside
375;Frye Inc;Port Jaredchester
376;Underwood PLC;Robertstown
377;Patterson LLC;Port Laurahaven
378;Thompson-Oliver;Josephmouth
379;Howe, Salinas and Collier;North Jeremyton
380;Johnson Group;Kimberlyberg
381;Allen, Allen and Hicks;Robinsonview
382;Hunter Ltd;South Jennifer
383;Durham-Vaughn;Yuside
384;Donovan, Sanders and Williams;Patrickview
385;Trujillo and Sons;Raymondberg
386;Gutierrez-Tate;North Justin
387;Barnett-Romero;New Pamelafurt
388;Church-Chaney;West Kelly
389;Sandoval, Torres and Bennett;New Paulview
390;Lowery Ltd;Port Peterport
391;Young, Smith and Garcia;Carlsonside
392;Summers, Williams and Sims;Gonzalezside
393;Jackson, Rush and Hansen;North Sandraport
394;Gutierrez-Garcia;West Stevenstad
395;Sexton and Sons;Johnfort
396;Cooper, Rodriguez and Blake;Alexanderside
397;Frazier, Freeman and Smith;West Emmatown
398;Foster-Reed;Richardsonview
399;Benjamin and Sons;New Charlesland
400;Carpenter PLC;Davischester
401;Miller-Johnson;Pattersonshire
402;Hinton-Lozano;West Frankburgh
403;Wong Group;Carsonton
404;Moore PLC;Munozshire
405;Thomas, Diaz and Henderson;Darylshire
406;Preston-Williams;West Nicole
407;Lucas-Brown;Randallborough
408;Randall-White;Lake Karen
409;Hines Inc;North Sethstad
410;Bender-Williams;Emilyport
411;Downs-Davenport;Brittanyburgh
412;Bishop, Kim and Barnett;East Morganbury
413;Mitchell, Williams and James;New John
414;Ortiz-Hernandez;Sydneymouth
415;Bird-Cannon;Lake Timothyside
416;Mora, Brown and Burgess;North Jeffport
417;Benjamin PLC;West Lawrencefort
418;Roberts-Evans;Zimmermanborough
419;Bishop, Allen and Leblanc;Monicaport
420;Jones Inc;West Tracy
421;Stevens and Sons;North Christopher
422;Harvey-Manning;Hillville
423;Dennis, Klein and Williams;Jacquelineville
424;Johnson-Snyder;Caseychester
425;Jackson Inc;North Markbury
426;Hurley-Gonzalez;Christopherfort
427;Hill, Martin and Owens;Port James
428;Sweeney-Hodges;Wesleytown
429;Carlson, Chen and Clark;Lake Maria
430;Sheppard, Garcia and Friedman;Robertsonport
431;Harrington, Kramer and Joseph;Cartermouth
432;Rush, Richardson and Hill;Allenside
433;Knight PLC;Christophermouth
434;Walker-Hancock;Petersonside
435;Wilson PLC;Lynnburgh
436;Smith LLC;Yvettefurt
437;Santos PLC;Greenebury
438;Burgess-Greene;Port Scottberg
439;Garcia, Owens and Sullivan;Parksfurt
440;Evans-Nguyen;West Victor
441;Quinn-Davis;West Ian
442;Welch, Hamilton and Ray;Ramirezville
443;Miller-Mejia;Michelleville
444;Owens-Palmer;Hopkinsstad
445;Anderson Inc;East Aprilmouth
446;Pollard-Ramos;Jamesmouth
447;Thomas-Anderson;East Alicia
448;Davis, Walker and Pierce;Kevinshire
449;Smith Ltd;New Patrick
450;Brown, Mendoza and Walker;North Alyssaside
451;Owen LLC;Jacobsstad
452;Alvarez-Sanchez;Yangville
453;Allen, Watson and Barton;West Crystal
454;Doyle, Johnson and Johnson;Cheyennehaven
455;Murphy, Hernandez and Acosta;Alvarezborough
456;Hernandez-Wilson;East Carmenborough
457;Hart-Murillo;North Rachelfort
458;Turner-Smith;Leeshire
459;Newton-Keller;Kleinbury
460;Escobar, Love and Anderson;Molinafurt
461;Marshall-Erickson;Christianville
462;Dyer-Meza;South Larry
463;Nelson and Sons;Lake Charlesbury
464;Beard-Garcia;South Sonya
465;Costa-Kim;Susanfort
466;Palmer and Sons;Lake Lauren
467;Martinez LLC;New Kennethville
468;Crosby PLC;Benitezview
469;Yu, Colon and Cox;North Dannyshire
470;Miller LLC;Perezhaven
471;Mitchell Inc;Karenside
472;Harris-Acosta;Blanchardstad
473;Little, Ellison and Martinez;East Charlottemouth
474;Moore Inc;Ryanfurt
475;Richardson, Williams and Weber;Torresfurt
476;Price and Sons;North Charlesside
477;Jordan LLC;Timothybury
478;Suarez and Sons;Pennyside
479;Smith, Roberts and Baker;Sawyershire
480;Weaver, Clark and Woods;Amymouth
481;Paul-Jordan;North Gina
482;Mathews, Mason and Bautista;Donaldview
483;Gillespie, Martin and Bell;South Jonathan
484;Woods, Vazquez and Mccoy;Port Jason
485;Jones PLC;Andradehaven
486;Brennan-Ramirez;East Mariaville
487;Navarro Inc;East David
488;Young, Hernandez and Williams;Port Mark
489;Smith-Frazier;West Robert
490;Huff, Bradley and Moon;Williamstown
491;Christian-Hernandez;West Katherineview
492;Hughes, Rogers and Patel;Port Peter
493;Fields Ltd;Smithfort
494;Alexander Group;Lake Mary
495;Duran-Patel;New Lisa
496;Valentine-Garrett;East Juliefurt
497;Webster Inc;North Josemouth
498;Vincent Ltd;Ericberg
499;Williams, Roach and Parrish;Martinmouth
500;Harris, Hernandez and Barton;Cartertown
501;Hendricks Inc;North Jillfurt
502;Newman, Fox and Yang;West Amyview
503;Bullock, Smith and Proctor;Lake Tamara
504;Carter Inc;Kellyville
505;Perez Inc;Burtonton
506;Brennan LLC;New David
507;Young Group;North Kennethville
508;Jones-Mack;Williamstad
509;Davis-Smith;Rileyville
510;Castillo-Cortez;New Jacob
511;Glover-Clay;West Susantown
512;Mccoy-Franco;Paulashire
513;Ramirez, Figueroa and Reed;New Ericfort
514;Smith-Morris;Brittanyshire
515;Waters, Burns and Gilmore;South John
516;Mendez-Benton;East Michael
517;Figueroa, Johnson and Santiago;East Ashleystad
518;Rojas-Daniel;New Shannonhaven
519;Lewis-Hamilton;South Davidfurt
520;Phillips-Lewis;Joshuabury
521;Bentley-Woods;Norristown
522;Mays-Lane;Alvarezton
523;Fuller, Johnston and House;West Sabrinabury
524;Castaneda, Salinas and Holloway;East Melanieside
525;Santiago-Foster;Williamberg
526;Turner Group;Brittanyside
527;Schneider, Wood and Hurst;North Susanshire
528;Perez-Henson;East Rebeccabury
529;Smith-Ramirez;South Elizabethberg
530;Miller PLC;Hallton
531;Moore-Buchanan;Lake Christina
532;White-Mills;Tracyberg
533;Thompson, Decker and Murray;Port Isabelshire
534;Hartman-Phillips;South Kevintown
535;Ward, Hanson and Phelps;Edwardview
536;Nguyen-Martinez;Lake Kimside
537;Gibson-Potter;Clarkport
538;Williams Group;East Robinberg
539;Adkins, Riddle and Crane;Jenniferbury
540;Ramsey and Sons;Bobbyton
541;Trujillo and Sons;Debrahaven
542;Hall-Johnson;West Michaelchester
543;Alexander, Lynch and Mcconnell;New Jessica
544;Colon Group;South Ronald
545;Klein Inc;Smithland
546;Foster PLC;Stephenborough
547;Gilbert Ltd;Nguyenmouth
548;Bean, White and Johnson;South Edward
549;Roberts, Patrick and Martin;Mirandahaven
550;Lewis-Johnson;Davisbury
551;Jordan, Andrews and Guerrero;East Justin
552;Mcconnell, Adams and Peters;East Jessicatown
553;Phillips-Jones;Vincentport
554;Guerra Inc;Kristopherhaven
555;Lopez, Frye and Collins;Lake Thomas
556;Newman Group;North Erica
557;Rhodes and Sons;Nancyside
558;Huber-Garcia;Josephton
559;Butler Group;Lake Michaelfort
560;Maxwell, Best and Bush;Simonfurt
561;Williams, Weber and Carr;Wendyhaven
562;Stevens, Carroll and Hale;Dodsonmouth
563;Edwards LLC;East Paulhaven
564;Silva-Miller;Leeland
565;Young Inc;Mcgrathport
566;Hendricks, Ferguson and Lara;West Michaelborough
567;Mcdaniel, Nash and Cook;West James
568;Turner, Friedman and Rojas;South Maryton
569;Barker, Barry and Long;South Davidbury
570;Baldwin-Charles;South Christopherborough
571;Hayes-Jones;South Tamara
572;Brooks, Cooke and Mora;East Adrianview
573;Miller-Pena;Ashleyton
574;House, Li and Thomas;New Nicholasshire
575;Williams-Moon;Port Jessica
576;Munoz-Patrick;North Brianbury
577;Garrett-Martin;Phillipsmouth
578;Miller PLC;Jennaville
579;Cook-Porter;Frenchview
580;Adkins, Doyle and Hopkins;Josephton
581;Romero-Hall;Parkerland
582;Mccann PLC;Stricklandburgh
583;White, Dunn and Reilly;Campbellfort
584;Herrera, Crawford and Stevenson;East Trevor
585;Donovan-Harding;Curtisville
586;Roberts-Johnson;Ruthbury
587;Snow-Franklin;North Brandi
588;Moreno-Buchanan;Bryceville
589;Calhoun Inc;Jamiebury
590;Stokes Ltd;Lake Allison
591;Cox, Porter and Collins;Joannafort
592;Davis and Sons;East Sharon
593;Carter-White;Lake Brendatown
594;Clark Group;Jeffchester
595;Simmons, Baker and Brown;Dawnmouth
596;Collins Group;North Calvin
597;Lee-Cooper;Carlatown
598;Brown, Moore and Griffith;Lindsayburgh
599;Bryan Group;West Carl
600;Bryan, Davis and Garcia;Lake Mark
601;Garcia-Paul;Parkerburgh
602;Turner PLC;Port Jessica
603;Mcguire Ltd;Melissashire
604;Henry-Weber;East Heatherfort
605;Ray, Green and Brown;North Cynthiaborough
606;Taylor-Dalton;New Jimmouth
607;Clark Ltd;Lake Donna
608;Wright-Garza;Nunezhaven
609;Hatfield PLC;Blevinsmouth
610;Alexander, Brooks and Andrade;North Reginald
611;Rangel-Allen;South Brandy
612;Simmons Ltd;New Frankville
613;Phillips, Herrera and Collier;South Patricia
614;Johnson-Moreno;Tiffanybury
615;Stephens-Mathews;Hollyfurt
616;Bell, Weber and Hughes;Greenchester
617;Anderson, Shaffer and Davis;Dillonview
618;Cook LLC;Torresport
619;Palmer PLC;South Garyhaven
620;Schroeder-Ford;Williamsside
621;Oliver, Powell and Johnson;West Bryan
622;Flores, Roberson and Ramirez;West Kelly
623;Flynn-Wilson;Katieborough
624;Mejia, Haynes and Whitaker;Lorettahaven
625;Romero-Alexander;South Tamaraview
626;Day and Sons;Conleyhaven
627;Blankenship-Hall;Port Frank
628;Bates, Rodgers and Austin;Lake Williamberg
629;Dean, Mclean and Warner;Smithshire
630;Porter-Vasquez;Coreyton
631;Huang, Valenzuela and Garcia;New Ashley
632;Torres-Johnson;Port Janet
633;Davis-Davis;Danielberg
634;Cordova-Everett;Stephaniefurt
635;Johnson Ltd;Edwardsstad
636;Clark-Scott;Stanleyville
637;Gonzalez, Brown and Gallegos;Bassview
638;Villanueva and Sons;New Beverlybury
639;Mills-Klein;Robinside
640;Parker-Gregory;North Darren
641;Turner-Smith;Alexisstad
642;David, Watson and Nguyen;Christinaville
643;Rogers, Hernandez and Sullivan;West Edward
644;Williams Group;East Christopher
645;Cherry-Ortiz;Tylerburgh
646;Jones Inc;Danielside
647;Cooper PLC;East Wesley
648;Mora-Wilson;Lynnfort
649;Glass-Mendoza;North Calebbury
650;Parker, Bell and Madden;Lake Douglasfort
651;Blake-Payne;Lake Christopher
652;Knapp-King;Aaronberg
653;Mendez and Sons;Ericview
654;Allen LLC;Molinaland
655;Foster, Martin and Garcia;Port Tanner
656;Hodges, Hardy and Tucker;East Dakotaberg
657;Price, Mooney and Diaz;Lake Sandraside
658;Stokes and Sons;Mccannborough
659;Smith-Fowler;Lake Heather
660;Davis-Cooper;New Deniseburgh
661;Thompson Group;East Karenmouth
662;Zhang, Ramirez and Pruitt;Jamesside
663;Perez, Higgins and Hill;North Ellenton
664;Taylor, Cox and George;West Jonathan
665;Lopez, Jones and Jimenez;Wilsonbury
666;Wong-Garcia;South Grace
667;Butler-Garrett;East Bryan
668;Aguirre PLC;Stephenstad
669;Wagner PLC;Lindsayland
670;Brown LLC;North Zacharyburgh
671;Wu, Freeman and Graves;Rodgersmouth
672;Clark LLC;Lake Zachary
673;Price-Gonzalez;Henrytown
674;Brooks and Sons;Denisechester
675;Diaz, Daniels and Larson;North Amanda
676;Logan Inc;South Matthewmouth
677;Patrick-Roberson;East Reginamouth
678;Fields-Stone;Lake Kirstentown
679;Mccarthy, Estrada and Cook;North Leslie
680;Sanchez-Fischer;Strongborough
681;Gomez LLC;North Deborahville
682;Miller-Brown;West Ryanville
683;Booth LLC;Lake Chase
684;Williams, Case and Patel;New Monica
685;Sims, Horton and Sharp;South Jerry
686;Cherry, Porter and York;Williambury
687;Weaver Inc;Dickersonport
688;Hughes-Brooks;Dylanhaven
689;Williams, Riley and Munoz;Deniseville
690;Duffy, Hamilton and Warren;Joneshaven
691;Moss Group;Lloydside
692;Gutierrez-Marshall;East Elizabeth
693;Oliver-Brown;Donaldhaven
694;Barnes-Mahoney;Port Ernestchester
695;Reynolds, Powers and Morrison;Jackport
696;Savage, Reyes and Hamilton;North Michaelchester
697;Miller-Morgan;Reedfort
698;Long-Ward;East Nicholas
699;Holmes-Davis;Laurahaven
700;Evans LLC;Johnsonhaven
701;Anderson, Thompson and Ponce;East Rachelbury
702;Wood and Sons;Aaronbury
703;Blankenship-Jones;Jenniferchester
704;Thompson-Ware;Robertport
705;Brooks, Nichols and Morales;New Valerie
706;Wall-Vazquez;Port Angelburgh
707;Shah, Parker and Howard;Chadville
708;Morgan, Vasquez and Kim;New Tina
709;Kent-White;Michaelstad
710;Marquez PLC;Vangberg
711;Odom-Blake;Berryfurt
712;Young PLC;Ryanland
713;Berry Inc;North Katherinechester
714;Williams Ltd;West Patricia
715;Anderson-Day;New Patrickborough
716;Stevenson, Harmon and Jones;South Richard
717;Levy-Anderson;Jenniferland
718;Ho, Duncan and Contreras;North Barbara
719;Bullock and Sons;Port April
720;Shah LLC;Port Holly
721;Ward, Chen and Stewart;Vanessamouth
722;Castro, Fitzpatrick and Rose;Susanchester
723;Wilcox, Bell and Gardner;South Daniel
724;Kerr PLC;Port Melanieland
725;Lam, Rowe and Martinez;Wagnermouth
726;Hernandez and Sons;Jonesburgh
727;Johnson, Young and Berger;East Amanda
728;Hernandez, Clark and Wallace;Stewartshire
729;Lowe LLC;South Cory
730;Elliott-Nelson;Lake Sarahland
731;Bass and Sons;Hunterland
732;Gutierrez-Henry;East Kimberlyborough
733;Woodard, Boyd and Oliver;West Michelle
734;Mcpherson-Mercado;Port Shannon
735;Mills Group;Christophermouth
736;Richards-Bradley;Barbarafurt
737;Mclaughlin-Lynch;North Kimberlyburgh
738;Espinoza-Daniel;South Matthewland
739;Richards-Thomas;Jacobmouth
740;Diaz Group;Port John
741;Lawson-Rollins;Torresfurt
742;Leonard Ltd;Port Jessica
743;Carr, Gonzalez and Ruiz;Markchester
744;Schmitt-Arnold;Lake Bethanytown
745;Barton-Davis;Port Timothyfurt
746;Williams LLC;South Hectorfurt
747;Collins and Sons;East Jessica
748;Chen, Copeland and Farley;East Pamela
749;Johnston, Johnson and Bray;Thomasbury
750;Willis, Brown and Davis;Carlchester
751;Bolton and Sons;Jamesberg
752;Johnson, Moore and Mcdonald;West Brianburgh
753;Brown and Sons;Meaganmouth
754;Moore-Williams;Tinamouth
755;Benson LLC;Nicholasmouth
756;Griffin-Thompson;Lake Logantown
757;Martin-Guerrero;Gabrielaland
758;Lopez, Bentley and Park;Aaronhaven
759;Lester, Robinson and Frederick;Port Ryan
760;Jefferson-Gonzalez;Adamshaven
761;Woods, White and Woods;Leahshire
762;Villarreal, Aguilar and Burnett;Fostermouth
763;Morales and Sons;Allisonshire
764;Alvarez, Young and Morrison;West Ronaldfurt
765;Zimmerman and Sons;Walkerfort
766;Taylor-Crawford;Fieldsmouth
767;Matthews, Taylor and Nunez;Philipton
768;Brown-Valencia;Millerport
769;Downs Inc;Michaelborough
770;Andrews Inc;Jenniferview
771;Williams-Davis;Juliaton
772;Williams, Blackwell and Rhodes;Santiagomouth
773;Huang-Pena;Carpenterbury
774;Yang PLC;Port Jeremyville
775;Kelly, Fisher and Vargas;South Katherinestad
776;Morales, Castaneda and Thompson;East Kristen
777;Moore PLC;North Jasonhaven
778;Williams, Graham and Morales;Castroborough
779;Sanchez, Everett and Herrera;New Jodi
780;Rose-Carter;Rileybury
781;Salazar, Gilmore and Hogan;Adamsside
782;Shaw Ltd;East Jorgeton
783;Gregory-Huber;West Richard
784;Moreno, Hernandez and Reed;Port Darrenland
785;Vaughan-Maldonado;Christophertown
786;Kirby Ltd;Lake Ryanstad
787;Alexander PLC;Lake Kristihaven
788;Campbell, Saunders and Reed;New Mary
789;Allen-Estrada;New William
790;Gutierrez and Sons;Stewarttown
791;Anderson and Sons;Port Christineside
792;Luna, Gibson and Wilkinson;Bakerside
793;Barker Inc;East Janice
794;Ruiz, Snyder and Fitzgerald;Clarencestad
795;Figueroa Ltd;East Theodore
796;Morris LLC;Port Katrinastad
797;Conrad-Adkins;Port Elizabeth
798;Rodriguez, Johnston and Frederick;North William
799;Hudson-Benson;North Meghanfurt
800;Todd-Melton;Suttonstad
801;Alvarado, Hill and Marquez;Thomastown
802;Taylor-Evans;South Debrafurt
803;Miller, Klein and Snyder;Benitezberg
804;Simmons-Harrington;East Marco
805;Wilson PLC;West Brett
806;Brooks, Sharp and Garrison;Xaviershire
807;Hopkins-Jackson;Williamsstad
808;Thomas-Cervantes;Port Lorraineberg
809;Mayer and Sons;North Patrickfort
810;Hughes-Anthony;New Michaelmouth
811;Sullivan, Barnes and Hodges;Rivasshire
812;Mccarthy-Wilson;Port Latoya
813;Delacruz, Dunn and Peterson;Justinfort
814;Matthews-Knight;West Leon
815;Campos, Holder and Moreno;Rogerstad
816;Mahoney, Hopkins and Martin;Jenniferfurt
817;Haney, Flynn and Pacheco;Port Heatherchester
818;Roach-Goodwin;Port Davidton
819;Owens-Brown;Andersonfurt
820;Hernandez PLC;South Jessica
821;Duncan-Mcintosh;West Michaelfort
822;George-Jackson;Lake Andrewstad
823;Payne-Lucas;Port William
824;Myers-Gonzalez;Christyfurt
825;Bowman, Thomas and Keller;South Rhonda
826;Morales Ltd;Gouldfort
827;Jones-Cook;Lake Angelabury
828;Gonzales PLC;Lawrencestad
829;Daniel-Stewart;Kaylastad
830;Peterson, Hall and Armstrong;New Ashley
831;Lee, Wilson and Perez;Stephenmouth
832;Wilson LLC;Christophershire
833;Atkins-Daniels;Jamesbury
834;Figueroa-Patterson;North Tonyaton
835;Young, Miranda and Richardson;Lake Dorothymouth
836;Navarro PLC;Sosachester
837;Jordan, Jones and Small;New Cynthia
838;Ramos Group;Claudiabury
839;Ruiz-Wright;North Alexanderberg
840;Patel, Hill and Cooper;Eileenview
841;Gay-Davis;Dannyborough
842;Diaz PLC;Johnsonbury
843;Frye PLC;West Stephenhaven
844;Brown-Walters;Meyerville
845;Wells-Austin;Johnathanton
846;Robinson PLC;Port Chadfurt
847;Mason, Hall and Bishop;Hebertbury
848;Torres-Daniels;North Paul
849;Johnson PLC;Gibsonfurt
850;Miller LLC;Williamsfort
851;Klein-Ramirez;Cookmouth
852;Davis, Garrison and French;Danielchester
853;George PLC;South Andrew
854;Hill, Dunlap and Watson;East Russellland
855;Kelley-Lee;East Danielle
856;Stevens Ltd;Sancheztown
857;Robertson LLC;Haleystad
858;Meza, Fischer and Allen;New Johnton
859;Villanueva-Schmidt;Port Brett
860;Sosa, Phillips and Holloway;Cortezport
861;Martin-Williams;Weissside
862;Bullock PLC;Jessicaton
863;Saunders PLC;Morrismouth
864;Gilbert Inc;Brittanymouth
865;Cook, Lopez and Stafford;South Larryshire
866;Joyce-Johnson;New Daniel
867;Dillon-Williams;West Brendanborough
868;Walsh, Payne and Weaver;New Cathyberg
869;Garcia PLC;Cummingsshire
870;Bailey, Gonzales and Moore;West Manuelborough
871;Owens-Fox;West Paul
872;Mcclure PLC;Laurashire
873;Miller, Weaver and Holmes;Georgeview
874;Pittman PLC;Watkinsshire
875;Simmons Ltd;Simpsonberg
876;Kane, Frederick and Guerra;Lake Brittany
877;Martinez PLC;Port Jennifertown
878;Rojas PLC;North Lauren
879;Parker, Perry and Miller;New Benjaminville
880;Potts, Carpenter and Bass;Port Jessicatown
881;Esparza-Anderson;Lake Marie
882;Mckee, Carey and Jackson;New Joshua
883;Edwards Ltd;North Michaelborough
884;Palmer, Mccarthy and Le;West Megan
885;Torres-Carter;Tammyborough
886;Wheeler-Walker;Pamelatown
887;Lloyd-Erickson;Meyersburgh
888;Graves and Sons;Melissaborough
889;Wagner LLC;North Jesse
890;Carter, Thomas and Hodges;Davismouth
891;Lewis, Lewis and Smith;East Megan
892;Jones, Simpson and Hobbs;Glenton
893;Clark-Hancock;Port Jenniferville
894;Ross Ltd;Riceport
895;Mcknight Inc;Victoriabury
896;Fisher-Brooks;Stefanieview
897;West-Silva;North Anthonymouth
898;Hawkins-Mitchell;Brianside
899;Salinas PLC;West Andrew
900;Smith, Woods and Rivera;South Michael
901;Davis Ltd;Lisaberg
902;Haas, Bennett and Thompson;Fieldshaven
903;White, Andrews and Aguilar;Port Debraland
904;Diaz, Moran and Phillips;East Misty
905;Brown-Grant;Carsonport
906;Malone Group;Port Sheila
907;Johnson-Huang;North Matthewville
908;Garcia, Woods and Ball;Beasleyland
909;Carlson, Morales and Daniels;Jacquelinetown
910;Walton, Charles and Herring;South Nicolas
911;Wolfe-Frederick;Autumnhaven
912;Griffin Group;South Abigailport
913;Walker LLC;Charlesland
914;Johnston and Sons;Casestad
915;Bennett LLC;East Rachel
916;Nash Ltd;Darrellton
917;Harris, Morgan and Cook;Lake Brandonton
918;Wright-Patterson;North Mckenzie
919;Edwards PLC;Kathleenberg
920;Allen-Lee;Port Ashley
921;Parrish-Jackson;Lake Ruthview
922;Vazquez and Sons;Geraldborough
923;Greer-King;North Carlosfort
924;Zimmerman-Berry;East Caroltown
925;Young, Miller and Norman;Lake Victoriaville
926;Kim-Rose;Johnsonland
927;Miller, Compton and Anderson;Port Brandy
928;Mccoy LLC;New Melissamouth
929;Sanders, Travis and Guerra;Kristenport
930;Lozano Ltd;New Eugenehaven
931;Jones and Sons;South Kellyberg
932;Santana PLC;Devinhaven
933;Young, Cantrell and Sloan;North Heidi
934;Smith, Robertson and Walters;West Sara
935;Wilkerson and Sons;Lake Rachel
936;Hampton and Sons;Jamesland
937;Bryant Group;East Geraldfort
938;Smith, Thomas and Pena;Brandonview
939;Nelson, Boone and Ruiz;Lake Jeffrey
940;Conley PLC;East Kimberly
941;Adams Group;Julieside
942;Mills LLC;Petersontown
943;Doyle, Mora and Wilson;West Jillport
944;Williamson LLC;Calebshire
945;Hill, Howard and Harrison;Herringborough
946;Mason, Haynes and Sanchez;South Nataliehaven
947;Wright-Garner;Nicoleville
948;Davis, Edwards and George;South Bonnie
949;Lynch-Moore;Ochoabury
950;Solomon, Hopkins and Lewis;Port Jessica
951;Carey Group;Rowlandberg
952;Fisher Inc;Morrischester
953;Smith, Rhodes and Manning;Bakerfurt
954;Olson Ltd;Underwoodmouth
955;Robinson and Sons;East Amanda
956;Anderson, Johnson and Duncan;West Zachary
957;Castillo Group;Moorehaven
958;Khan-Meza;Lake Valeriefort
959;Giles-Wood;Alexisburgh
960;Adams, Bonilla and Munoz;Emilyland
961;Rodriguez, Lee and Mccormick;Bradshawfurt
962;Jones PLC;West Benjaminfort
963;Berg-Callahan;Markshire
964;Fleming PLC;South Dana
965;Wise Ltd;New Joebury
966;Smith and Sons;Stephenfort
967;Bauer-Morgan;South Cynthiashire
968;Carter, Campos and Kelley;North Conniechester
969;Smith-Wolf;Mcfarlandport
970;Wilkins-Hampton;Ruizville
971;Morgan and Sons;East Stacy
972;Stephens Ltd;South Matthewport
973;Petersen, Gillespie and Tucker;Anthonyfort
974;Orozco, Watson and Mckenzie;Samuelburgh
975;Martinez Inc;New Laurenport
976;Herrera Ltd;Combsport
977;Lopez PLC;East Garyport
978;Walker-Bray;New Aaron
979;Love, Petty and Sullivan;West Susantown
980;Meyer-Moore;New Patriciafurt
981;Russell Inc;Boydberg
982;Cook-Cook;East Michael
983;Jennings-Garcia;South Matthewmouth
984;Collins-Williamson;North Martinbury
985;Marshall PLC;Ayalamouth
986;Barnes, Rodriguez and Ryan;New Margaretfort
987;Sherman-Farmer;Kimberg
988;Gallegos PLC;South Sarahshire
989;Peterson-Dean;Cameronfort
990;Le-Willis;Port Christopher
991;Ortiz-Miller;Lake Alison
992;Martin Group;New Robert
993;Wheeler PLC;Susanmouth
994;Roberts-Fitzgerald;Lake Samanthafurt
995;Roman-Poole;North Bryanburgh
996;Tate, Pierce and Henry;Brittanyfurt
997;Sanders Ltd;Rhondaville
998;Martinez and Sons;Mitchellborough
999;Richards, Richards and Fernandez;Joshuatown
1000;Jensen, Barry and Cole;Danielview
